"NBa7we src","d4r55","RfnDt","eaLgGf","hCCjke","rsqaWe","wiI7pd","Tap5If","dSlJg","Hzvxle","pkWtMe","dSlJg 2","znYl0","znYl0 2","w8nwRe"
"https://lh3.googleusercontent.com/a-/ALV-UjU9C7bUW9gyLA2QlcC7XYELT6n8sgt1ajHRMfU8cD1Q6Y4zMT74=w45-h45-p-rp-mo-ba5-br100","Malina","Local Guide Â· 67 reviews Â· 265 photos","î—”","î ¸","2 months ago","Buff C Momo was great; the fried aloo stick had a thikthak taste; and the fried mushroom was very crunchy and delicious to have and a bit oily as well. But the food taste was very yum ğŸ˜‹.The price is also reasonable, as per the food.","+3","î£œ","Like","1","î ","Share","",""
"https://lh3.googleusercontent.com/a-/ALV-UjWAUPUu7UiKkiP-BZaR1MhuhMUn_2z2kNCObIzgv23E6B2vIMf6vw=w45-h45-p-rp-mo-br100","AYOOUB","3 reviews Â· 13 photos","î—”","î ¸","2 months ago","If you like COCKROACHES everywhere on your table or on the walls just beside your momo this is the best place to â€œeatâ€! ğŸ‘ŒğŸª³ğŸª³","+4","î£œ","","","î ","Share","Like",""
"https://lh3.googleusercontent.com/a-/ALV-UjXaYph7bfgcPAXIfrfCJvK_lEUTLBRkhgV_ohp0WNRi3uc7p6o_FA=w45-h45-p-rp-mo-ba5-br100","NirÃ©n Shrestha","Local Guide Â· 197 reviews Â· 932 photos","î—”","î ¸","a year ago","I recently had the pleasure of dining at NPP Food Service, and I must say it was a delightful experience. This hidden gem offers an array of delicious stick foods and other variants that left my taste buds dancing with joy. â€¦","+5","î£œ","Like","3","î ","Share","","More"
"https://lh3.googleusercontent.com/a-/ALV-UjXb2Zo4560JpNsMEeSUAj3HvXjzp-ysgnKvWCQzsyDPMnA3me-a=w45-h45-p-rp-mo-ba5-br100","Sampanna Shrestha","Local Guide Â· 119 reviews Â· 606 photos","î—”","î ¸","3 years ago","A great stick food joint if you're around this area. Prices are reasonable and eating here with a group keeps you within a set budget of your choice. I personally spend around Rs 300-500 every time I am here with 3-4 friends. Sometimes the space can be an issue because of its size as well as its popularity.","","î£œ","Like","2","î ","Share","",""
"https://lh3.googleusercontent.com/a-/ALV-UjXF45m2N33Zg70nOFcBNeLroSrgO8ara9EcT6WDS7xFWTjtVo2d=w45-h45-p-rp-mo-ba6-br100","b Co.","Local Guide Â· 338 reviews Â· 2,180 photos","î—”","î ¸","a year ago","Absolute Disaster.
The jhol Buff MoMo I ordered was outright bad. The jhol was tasteless and oddly thick. The Mo:Mo had a thick outer layer of the maida and the meat inside was â€¦","","î£œ","Like","1","î ","Share","","More"
"https://lh3.googleusercontent.com/a/ACg8ocLwhBsAAnIcsDkpDDOXbRThIK1aVGqwCMpXv4yUqxFIfSRwN4EW=w45-h45-p-rp-mo-ba3-br100","Uni","Local Guide Â· 30 reviews Â· 29 photos","î—”","î ¸","3 months ago","Has been my favorite place for stick food to go to with my school friends since our school days. Our favorites have always been the buff sausages and hamburgers. The c.momo used to be great during 2013/14 but it isnâ€™t as good anymore.","","î£œ","","","î ","Like","Share","More"
"https://lh3.googleusercontent.com/a-/ALV-UjXXZcq3v1dvncH5eBUSbCQzVP5NrYkefeM7yiK9jZEEwOJDDEl7Nw=w45-h45-p-rp-mo-ba6-br100","Sujan Shakya","Local Guide Â· 307 reviews Â· 2,605 photos","î—”","î ¸","3 weeks ago","its a great place for stick food and other fried food but nothing else. dont go for their burgers or sandwiches or momos or chowmeins especially not pizzas, they are all mediocre. when you are in a hurry and craving for some spices this is the place to go.","+8","î£œ","Like","2","î ","Share","","More"
"https://lh3.googleusercontent.com/a/ACg8ocKyToxQSg0pBeP_pN4VXXxrASOFYUdX1eAGW3QL6uS2Q-fKBg=w45-h45-p-rp-mo-br100","prasanna rayamajhi","1 review","î—”","î ¸","4 months ago","This is one of the most overrated place. The food was not good at all. I ordered chicken fried rice only to find 2 small pieces of chicken in the plate. During other occasions I have tried momo which was not properly cooked and the sausage looked like dried in the sun for days. The place is also unhygienic and the service is below par.","","î£œ","","","î ","Like","Share","More"
"https://lh3.googleusercontent.com/a-/ALV-UjXcUWuAMJ9y6elNz5_xBVotWTBc20qYS5OpUwcaH8k724DvQEeluA=w45-h45-p-rp-mo-ba5-br100","Jeevan Khatri","Local Guide Â· 101 reviews Â· 433 photos","î—”","î ¸","2 years ago","NPP is always the best choice for snacks. They provide the perfect food. I loved Momo and Sausage. The achar was perfect. The only think I didn't like about the place was the price of drumstick which was Rs 60 for small piece. Overall the â€¦","+3","î£œ","","","î ","Share","Like","More"
"https://lh3.googleusercontent.com/a-/ALV-UjVY0N4PIl7LjpRImvLQ8LE6_5JnMNrtpiosLvqgN_IZMB--MimJaQ=w45-h45-p-rp-mo-ba6-br100","Bibhor Bista","Local Guide Â· 455 reviews Â· 1,327 photos","î—”","î ¸","a year ago","An easily accessible and affordable fast food eatery of Lalitpur. Have been coming here for ages.
Personal favourites: sausages and thukpa","","î£œ","Like","2","î ","Share","",""
"https://lh3.googleusercontent.com/a-/ALV-UjWofLU9W8GH0CZYRe3Hi2kQf1k4FBWe3oH1SMgec0Yx11ENlTOk=w45-h45-p-rp-mo-ba6-br100","Sandesh Jonchhe (Sjonchhe)","Local Guide Â· 271 reviews Â· 1,501 photos","î—”","î ¸","6 years ago","Different kind of fried CMomo..among the best cmomos that I've tasted....sausage and aloo were decent...chowmein however was below par....Parking for two wheelers would be on the road...for 4wheelers there might be some problem.....
Update: French fries is probably the worst dish here. Also found ketchup to be very stale!","+5","î£œ","Like","1","î ","Share","",""
"https://lh3.googleusercontent.com/a-/ALV-UjVGB3bjvo_4y0uz1fOpSyQJ43-UA_nTTWIAoAj3JarkOHKTlwvr=w45-h45-p-rp-mo-ba5-br100","Sujan Neupane","Local Guide Â· 219 reviews Â· 460 photos","î—”","î ¸","5 years ago","Good and best budget food in town.
- Don't forget to try stick foods: sausage, tofu, mushroom and potato stick are speciality of this restaurant. â€¦","","î£œ","Like","2","î ","Share","","More"
"https://lh3.googleusercontent.com/a/ACg8ocIKWbyYcMYztn9W_6m_JhwonmOzLtqbeRNw61YWIrkawbHKhA=w45-h45-p-rp-mo-br100","susana maharjan","1 review","î—”","î ¸","5 months ago","The worst stick food I've ever had in my entire life. It was so bad and the service was also very poor. They even served us wrong orders. Overall experience was a total disaster.","","î£œ","Like","1","î ","","Share","More"
"https://lh3.googleusercontent.com/a-/ALV-UjXEEzpYpGRxVeYrTtY1ERYtpoTQIcDv8Mmrfylc4qArfP8hqkrM=w45-h45-p-rp-mo-br100","jeewan ghimire","2 reviews","î—”","î ¸","a week ago","Cockroach in Momo. I do not recommend this place. There are lots of option nearby.","","î£œ","","","î ","Like","Share","More"
"https://lh3.googleusercontent.com/a/ACg8ocLglHKaiWmoDHi-RctLNc48BWdoHSI1WQthsgKFG7MoumiEA23P=w45-h45-p-rp-mo-ba6-br100","Sailesh Dhital","Local Guide Â· 163 reviews Â· 1,081 photos","î—”","î ¸","3 years ago","A decent place opposite to Sumeru Hospital, Pulchowk(Damkal) for a small to medium gathering.
+ Good food( you should try their momo and achar is sooo good) â€¦","","î£œ","Like","1","î ","Share","","More"
"https://lh3.googleusercontent.com/a-/ALV-UjWKK213y0aFeJK1iIF8LwrQ8wywwQkK4ZkhJtX6VdAANUXYvRmBlQ=w45-h45-p-rp-mo-br100","Shubhechchha Thapa","3 reviews","î—”","î ¸","3 months ago","Best place for fast food and the service is also faster comparatively","","î£œ","","","î ","Like","Share","More"
"https://lh3.googleusercontent.com/a-/ALV-UjXeAPgn-EN81NV0IsPhytkJF2YL1timhfV4iKDWjpktM4igovydaQ=w45-h45-p-rp-mo-ba5-br100","Kalyan Ghimire","Local Guide Â· 196 reviews Â· 1,003 photos","î—”","î ¸","2 years ago","The Momo tasted bland and achar was thick and lacked proper spices. The sausage on the other hand were delicious.","","î£œ","","","î ","Share","Like",""
"https://lh3.googleusercontent.com/a-/ALV-UjUEl9c_PsCFWAKPQDizpXuvKPyqznH8XtjU1yZciziK_aG_2zjU=w45-h45-p-rp-mo-ba4-br100","Aishwarya Shrestha","Local Guide Â· 31 reviews Â· 63 photos","î—”","î ¸","6 years ago","Food is quiet inexpensive but average taste. However it is easy to grab some of your friends and make this one of your gang aadda ğŸ˜‰ â€¦","","î£œ","Like","1","î ","Share","",""
"https://lh3.googleusercontent.com/a-/ALV-UjVDjBu7HyDPpWhdGwWb9a3t3w0-eZYT8utsOO8JsxPZj2ojLfSS=w45-h45-p-rp-mo-ba3-br100","The Unknown","Local Guide Â· 26 reviews Â· 48 photos","î—”","î ¸","a year ago","The food was good. It wasn't something unique nor was it bad. It was good. There are better options in that area to get a good nice dine. It simply can't keep up the competition. And It's better to take out because the hygiene there is bad. I saw cockroaches walking on the table, wall and insects there.","","î£œ","","","î ","Like","Share","More"
"https://lh3.googleusercontent.com/a-/ALV-UjVItZh7tIZCqM2eKeP6gnU6CVGMRX2po4skx23w96q0D1PNfZZQ=w45-h45-p-rp-mo-ba3-br100","Suraj Meher Kayastha sujal1234","Local Guide Â· 4 reviews Â· 99 photos","î—”","î ¸","4 years ago","The Beautiful Spring near Santaneshwor Temple, says "" The Heaven Fall"", Below Bhattarai Niwas, Badegoun, Jhurashi, Godawari Municipality.","","î£œ","Like","2","î ","Share","",""
"","","","","","","","","","","","","","",""
"","","","","","","","","","","","","","",""
"","","","","","","","","","","","","","",""
"","","","","","","","","","","","","","",""
"","","","","","","","","","","","","","",""
"","","","","","","","","","","","","","",""
"","","","","","","","","","","","","","",""
"","","","","","","","","","","","","","",""
"","","","","","","","","","","","","","",""
"","","","","","","","","","","","","","",""
"","","","","","","","","","","","","","",""
"","","","","","","","","","","","","","",""
"","","","","","","","","","","","","","",""
"","","","","","","","","","","","","","",""
"","","","","","","","","","","","","","",""
"https://lh3.googleusercontent.com/a-/ALV-UjUsvto3724lF4x2p_w7GxeYG8pKhPs39fvVfH7EZOwDus7rjQN4kw=w45-h45-p-rp-mo-ba6-br100","Badri Rai","Local Guide Â· 611 reviews Â· 1,202 photos","î—”","î ¸","5 years ago","Relatively, pretty good restaurant. Service is satisfactory and food are delicious..","+2","î£œ","","","î ","Share","Like",""
"https://lh3.googleusercontent.com/a-/ALV-UjUY3GjLnUfj-YxtRSuoxzZ-8mDOEBA9l37MDBGVkjwxRR1AUfx_EA=w45-h45-p-rp-mo-ba4-br100","Sugam Dhakal","Local Guide Â· 54 reviews Â· 456 photos","î—”","î ¸","6 years ago","Cheese was not that good though chips chilly and aloo stick is must try thing here. Service was also goodğŸ‘. â€¦","","î£œ","","","î ","Share","Like",""
"https://lh3.googleusercontent.com/a-/ALV-UjXmXZgKJZ-J6sb0PSv1Mk1GWj6aS0k52Krxy14JaGR7pryjHxj6MQ=w45-h45-p-rp-mo-ba5-br100","Nirajan Karki","Local Guide Â· 74 reviews Â· 892 photos","î—”","î ¸","3 years ago","Here you will find the greatest stick foods. We tried mushroom sticks, pork balls, and sausages, and each one was outstanding. The sauce, on the other hand, was much better. You can get the best meal for a low price and you won't have to â€¦","","î£œ","Like","1","î ","","Share","More"
"https://lh3.googleusercontent.com/a-/ALV-UjWmQzFXIGoNUYu8gnCLBcQ_94ThdBomK4MtclTzbx7N5ecPCWZc=w45-h45-p-rp-mo-br100","ROSHAN JHA","1 review","î—”","î ¸","a year ago","It was the worst experience of my life. We ordered veg jhol momo and the vegetable inside momo  stale(basi) and the taste of jhol was also so bad. When we complaint the staff too showed rude behavior and all of them were manner less. I don't recommend anyone to go there.","","î£œ","","","î ","Like","Share","More"
"https://lh3.googleusercontent.com/a-/ALV-UjVhfIPovIitRnmTSw3SanDQ4WgS-W5TvbgLQFotuuhsSB58qVsp=w45-h45-p-rp-mo-ba4-br100","Binish Raj Khanal","Local Guide Â· 45 reviews Â· 29 photos","î—”","î ¸","3 years ago","The service is fast. The stick foods are delicious. The momo is also good. The uniqueness about this place is the taste of the sauce they provide which is different from all other places. However, the quality of the food here is degrading which makes me sad as this used to be my most visited places to have lunch during my college life.","","î£œ","","","î ","Like","Share",""
"https://lh3.googleusercontent.com/a-/ALV-UjXLA0vLrwQL0t6Mz65qRonQU0cuSlqB63CbvW1zthOGARSrE9jtqw=w45-h45-p-rp-mo-br100","Bikesh Maharjan","7 reviews Â· 20 photos","î—”","î ¸","6 years ago","not good food...bad customers care
Too much salty food,i asked to change the order that was salty but they dnt........","","î£œ","Like","1","î ","Share","",""
"https://lh3.googleusercontent.com/a-/ALV-UjWMPomVBglqWN1m9QBk9gQP1m4An4dR0Ql931n88_EjTA-Lle7b=w45-h45-p-rp-mo-ba4-br100","Aman Samal Magar","Local Guide Â· 129 reviews Â· 131 photos","î—”","î ¸","6 months ago","Very old place serving stick foods at affordable price.","","î£œ","","","î ","Like","Share","More"
"https://lh3.googleusercontent.com/a-/ALV-UjW_Dbn7GNt0ctWGntDx1POaHmfNwqCdIIanrLTZGD7XzcseBqKy=w45-h45-p-rp-mo-ba5-br100","Shardul Sapkota","Local Guide Â· 190 reviews Â· 1,450 photos","î—”","î ¸","6 years ago","Great place for verities of snacks in reasonable price. Loved the place!","","î£œ","","","î ","Share","Like",""
"https://lh3.googleusercontent.com/a-/ALV-UjUPUSpM3WBBlGlMR5nYF_DttjoccAQDBnfMdFOhsNz-grYSFHuB=w45-h45-p-rp-mo-ba5-br100","Saksham Shrestha","Local Guide Â· 162 reviews Â· 489 photos","î—”","î ¸","5 months ago","Not good foods","","î£œ","","","î ","Share","Like","More"
"https://lh3.googleusercontent.com/a/ACg8ocLWoDuSITsSpUq-1lR7WVMetmy0fZGFQAb2kn0Rh3HUqphhcg=w45-h45-p-rp-mo-br100","Rachel Bajracharya","2 reviews","î—”","î ¸","2 years ago","Horrible Experience!! Went to the pulchowk branch of NPP and took my friends along too. It was the most disgusting experience ever in Nepal. We decided to sit in one of the tables but saw a baby cockroach crawling on the seat so we went to â€¦","","î£œ","Like","1","î ","","Share","More"
"https://lh3.googleusercontent.com/a-/ALV-UjXvIg9ONt-3c8ubv0V7l6_8zq5_1tk9b5lo1tV8sk7vs1txWZqI_A=w45-h45-p-rp-mo-ba5-br100","Niresh Maharjan","Local Guide Â· 211 reviews Â· 752 photos","î—”","î ¸","3 years ago","Its actually not good. Water bottles, plates, sauce containers very bad. Maybe the price will justify it but still no reason to play with customers hygiene. Sticks food were tasty but didnt find any taste no chicken momo. Personally wont visit ever, folks looking for a quick cheap bite can have a go.","","î£œ","","","î ","Like","Share",""
"https://lh3.googleusercontent.com/a-/ALV-UjXAe0jbVFj_bX1l4in6wBUHLQl4OEoeFF1TEyWSt0ylsFMwX6Gv=w45-h45-p-rp-mo-ba4-br100","Nabin Poudel","Local Guide Â· 52 reviews Â· 21 photos","î—”","î ¸","2 years ago","NPP used to be my go-to place when in college since they offer inexpensive ready to serve â€œstick-foodâ€. Really cheap but equally delicious. Their sausages, Momo, fries, drumsticks are all full of flavor and spicy. NPP is probably the finest inexpensive yet great food serving place.","","î£œ","Like","5","î ","","Share",""
"https://lh3.googleusercontent.com/a/ACg8ocKY-1Mj_xW3o1YYJ_EiKZgHIk3tXIJ80zWjXvBLxuQSe9N8FQ=w45-h45-p-rp-mo-br100","Abhishek Khadka","20 reviews","î—”","î ¸","a year ago","This place used to be so good. But now, the food is outright horrible. Youâ€™ll probably end up with a bad stomach.","","î£œ","","","î ","Like","Share","More"
"https://lh3.googleusercontent.com/a/ACg8ocJDi-rfT3aedD7h7SPzGmMaVc4dUXukz5ywB30oMl4uzEflXvI=w45-h45-p-rp-mo-ba4-br100","smarika thapa","Local Guide Â· 22 reviews Â· 47 photos","î—”","î ¸","a year ago","NPP is one of the best stick food places in Lalipur. Compared to other outlets, the pulchowk one is better in service and food. Being a vegetarian, I often find myself there for their mushroom stick. This place is budget friendly as well.","","î£œ","Like","1","î ","","Share","More"
"https://lh3.googleusercontent.com/a-/ALV-UjXMRujB8rG7RhpqarkxB51pL54XsLyXhf5B8aA0ZC0Do13C_pJV=w45-h45-p-rp-mo-ba4-br100","Suzit Maharjan","Local Guide Â· 93 reviews Â· 219 photos","î—”","î ¸","2 years ago","Place is cheap and good for fast food. but the service is worst. plate was dirty no napkins on the table, empty water bottles, achar was also not fresh there was watery layer on top.  please provide heigneic environment even if the place is cheap.","","î£œ","","","î ","Like","Share",""
"https://lh3.googleusercontent.com/a-/ALV-UjV1b022SbZzMgD0uL72npbHavh-q4O4YNOy4tqh8s-4VHxfvV4f=w45-h45-p-rp-mo-br100","Ojaswee Maharjan","1 review","î—”","î ¸","5 months ago","YUKK!! THE WORST! NOT RECOMMENDED AT ANY COST!! DOESN'T EVEN DESERVE 1 STAR!","","î£œ","Like","1","î ","","Share","More"
"https://lh3.googleusercontent.com/a-/ALV-UjWW0eLKLTmTTQdBIpk_v-8w68vaW3I-WBxEMNJqmVmHLYHHV2Ke=w45-h45-p-rp-mo-ba5-br100","Subodh","Local Guide Â· 70 reviews Â· 1,481 photos","î—”","î ¸","2 years ago","Worst decision to choose this resturant in mid of Pulchowk. The taste of food (specially momo and burger) is not so good. Taste and achar seems like the street food (thela wala).The stick food are normal in taste, don't expect daami taste. â€¦","","î£œ","","","î ","Like","Share","More"
"https://lh3.googleusercontent.com/a-/ALV-UjWks0Gbf33ROQYiKVap4DAgn6Titcj3p0NWJDDEiZP13t032eQt=w45-h45-p-rp-mo-ba3-br100","raman waiba","Local Guide Â· 7 reviews Â· 3 photos","î—”","î ¸","a year ago","Literally had to wait an hour for momo's and the server totally forgot our side meat balls and tofu. The server keeps saying dai huna lai sakyo when i asked to cancel the ordee","","î£œ","","","î ","Like","Share",""
"https://lh3.googleusercontent.com/a/ACg8ocLIZzECKGZIgj-eLYEobFXrHuECBrv911IW-IuujWjxdRcDw2Y=w45-h45-p-rp-mo-ba3-br100","Subash","Local Guide Â· 11 reviews Â· 9 photos","î—”","î ¸","10 months ago","Good for stick food but atmosphere and service could be better.","","î£œ","","","î ","Like","Share","More"
"https://lh3.googleusercontent.com/a/ACg8ocJldWBALaZv7Rf8cQ2wtgImYij9ymvt8fii-KUbO8AVCbF7=w45-h45-p-rp-mo-br100","SWOPNIL kalika","1 review","î—”","î ¸","6 years ago","Less than stellar sitting area without AC and can get very hot during the summer. Pricing is affordable with range of items and is popular for stick foods. Taste is mediocre, however, the momo sauce is quite unique with rich consistency. â€¦","","î£œ","","","î ","Like","Share","More"
"https://lh3.googleusercontent.com/a-/ALV-UjVdllBRzTZpy88QazgQo10B_IiTGd3KPbcMuIA2h3kIXxHG-BYf=w45-h45-p-rp-mo-br100","Dipen Shrestha","2 reviews Â· 3 photos","î—”","î ¸","6 months ago","Perfect place for stick foods and all.","","î£œ","","","î ","Like","Share","More"
"https://lh3.googleusercontent.com/a-/ALV-UjVZJ-tsEO6MODnkNinw1Zd4Repl3b20m2clRRkXcP65R3PUNT2tEg=w45-h45-p-rp-mo-ba6-br100","Abhinav Joshi","Local Guide Â· 207 reviews Â· 2,951 photos","î—”","î ¸","6 years ago","Great food at great prices. Has extremely quick service. The food here is quite mouth watering, mainly the stick food. However, the quality of the sauce has been declining. Great place if you want quick food.","","î£œ","Like","1","î ","","Share",""
"https://lh3.googleusercontent.com/a-/ALV-UjXxUZwdTLhSsQxXBzI00YNEBbdqbFrv7OclIP7xX8RC4hq9bic=w45-h45-p-rp-mo-ba5-br100","Ananta Neupane","Local Guide Â· 145 reviews Â· 180 photos","î—”","î ¸","a year ago","Just a basic, eatery, cheap and opens until late night. Stick food is OK, however hygiene might be a concern, mostly during summer.","","î£œ","","","î ","Like","Share","More"
"https://lh3.googleusercontent.com/a-/ALV-UjWrMa_Bafh8uNJ_xyJvi3p52hRNUTkDXEGS-za40kmcVVnd95z5=w45-h45-p-rp-mo-ba5-br100","Nischaya Mathema","Local Guide Â· 298 reviews Â· 529 photos","î—”","î ¸","7 years ago","Its alright. I go here sometimes. The food is great sometimes, but one time I got burned potatoes. I was not that happy with the service, because they forgot to bring my coke. I have been here a few times. Used to be way better 4 years back.","","î£œ","Like","16","î ","","Share",""
"https://lh3.googleusercontent.com/a-/ALV-UjXojXoTBk-RHxfdrlpN-9s-hHW-R4gfDZJWGsa_Z6rZ361EYEIxFA=w45-h45-p-rp-mo-ba2-br100","Rejina Shrestha","Local Guide Â· 18 reviews Â· 16 photos","î—”","î ¸","2 years ago","Small place. I loved MOMO (buff), had tofu but the size of tofu was enormously small.
Budget friendly visit to snack on.","","î£œ","","","î ","Like","Share",""
"https://lh3.googleusercontent.com/a-/ALV-UjVLEN0sBqkTw9-f-sQ4b-U2EnJXLC9UYUJwvTGHqSewSqiZFo7l=w45-h45-p-rp-mo-br100","Samvrant Singh Thapa","9 reviews Â· 1 photo","î—”","î ¸","2 years ago","Don't know what was wrong with my food but everything I ordered came fast but the taste was horrible...I  didn't like jhol Momo's jhol  and momo as well (for the first time in my life) the buff chowmein that I ordered had exactly 6 pieces of buff and chowmein seemed to be stale(basi) the Alo stick and mushroom stick was average.","","î£œ","","","î ","Like","Share",""
"https://lh3.googleusercontent.com/a/ACg8ocIxnqsZIYiCtZ8P3cde47O4zdJtK-Kpbr5kECBXTMt9oFxxcQ=w45-h45-p-rp-mo-br100","Anjali Gupta","1 review","î—”","î ¸","3 years ago","Visited today at NPP after lockdown, foods that we ordered were disaster. Mainly the manchurian, it was uncooked. The c momo was also way too sweet. Had a horrible experience. When talk about the same to the concerned people, they denied to take our feedback. Very rude nature. Now i am not going again to this latitpur store for sure.","","î£œ","","","î ","Like","Share",""
"https://lh3.googleusercontent.com/a-/ALV-UjW5ICMMuAWRjLgaRid1ZC_mNzHPOAMob73xK3xnCr-Sq2ejDPWA=w45-h45-p-rp-mo-ba3-br100","Sumit","Local Guide Â· 65 reviews Â· 60 photos","î—”","î ¸","2 years ago","Have been vising here since 6 years and the food quality has not changed, the price is also reasonable Must visit place if you are a stick food fan.","","î£œ","","","î ","Like","Share",""
"https://lh3.googleusercontent.com/a-/ALV-UjUTaFt7E9-pxJTEgGQKdxle5IOIv03v00rY1dVbD0sZ3BD9TXlv=w45-h45-p-rp-mo-ba4-br100","Ayush Gautam","Local Guide Â· 65 reviews Â· 1 photo","î—”","î ¸","3 years ago","This was the goto spot some 8 years ago because it has been here for ages . The resturants were few back in time . The stick food stalls were very few back in time .So it was Ideal. â€¦","","î£œ","","","î ","Like","Share","More"
"https://lh3.googleusercontent.com/a-/ALV-UjUqzrTnP9Hx0kf0GsJ98U3zn-KlbVzzP9RLioLr3ogsjB67SDWpXw=w45-h45-p-rp-mo-ba3-br100","Sawan Vaidya","Local Guide Â· 22 reviews Â· 4 photos","î—”","î ¸","5 months ago","Meatballs were like  styrofoam. Unhygeinic","","î£œ","Like","1","î ","","Share","More"
"https://lh3.googleusercontent.com/a-/ALV-UjWo5vjCDeHEwLjnuFbly9pqlGjQUxhj435dT0tp-ExiOewAUOft=w45-h45-p-rp-mo-br100","Aviyan Niraula","3 reviews Â· 13 photos","î—”","î ¸","2 years ago","Not a nice place for eating. Even though affordable and cheap price but the quality of food was below average. The place was also not cleaned and it was unhygenic.","","î£œ","","","î ","Like","Share",""
"https://lh3.googleusercontent.com/a-/ALV-UjXA8sXlbLbwIBj4z1HNAF11rXso9paS0nKIMD30VJYv_DLVfUpl9g=w45-h45-p-rp-mo-ba2-br100","Dawa Lama","Local Guide Â· 10 reviews Â· 15 photos","î—”","î ¸","3 years ago","Food was good, but not as expected as shown in youtubes and various other platforms. But not bad you can try once and give judgement.
My judgement is based on the comparison between the food same alike which I eat â€¦","","î£œ","","","î ","Like","Share","More"
"https://lh3.googleusercontent.com/a-/ALV-UjXGfxYUg22y3Qllu0JvwjAdY1mZl1jhqNNU3AW_SCk6WBiETS88=w45-h45-p-rp-mo-ba4-br100","Jigmy Lama","Local Guide Â· 64 reviews Â· 79 photos","î—”","î ¸","3 years ago","Fast and fried food around Damkal chowk is your crave...?? Step in here... Clean place and quick service. Unfortunately, it's a cash only place. I wonder if they have now started Fonepay.","","î£œ","","","î ","Like","Share",""
"https://lh3.googleusercontent.com/a-/ALV-UjXTm6XboCSLqFyx0sCqKrB00RcA_lczssPK-eZSlvImdcKtyAzYdw=w45-h45-p-rp-mo-ba4-br100","Diwash Malla Thakuri","Local Guide Â· 83 reviews Â· 441 photos","î—”","î ¸","6 years ago","One of the best local restaurants around Sumeru city hospital. Lots of choices for fast food and quick servicing. On the flip side of being famous, it usually gets crowded with the customers. Good Restaurant to eat while around the Damkalchowk area.","","î£œ","","","î ","Like","Share",""
"https://lh3.googleusercontent.com/a-/ALV-UjU0sSfc8cjbwxaVPBrxh6ApM4rj465YeZR-4uWgCE8-Lt2gf7Oe8Q=w45-h45-p-rp-mo-ba6-br100","Kritajna Shrestha","Local Guide Â· 318 reviews Â· 3,391 photos","î—”","î ¸","6 years ago","Has lots of varieties for stick fast food. Tried chowmein but was not upto the taste. Service was ok though it took bit longer than usual. Not that great place for lunch. Price seem ok and affordable. Not so recommended.","","î£œ","","","î ","Like","Share",""
"https://lh3.googleusercontent.com/a-/ALV-UjW1qw9hV-7ec8Y1Ulaje9Y8ETRCR44RC408uTbDYsBm22r8QI4=w45-h45-p-rp-mo-br100","Nabin Pradhan","1 review","î—”","î ¸","2 months ago","Worst food quality...","","î£œ","","","î ","Like","Share","More"
"https://lh3.googleusercontent.com/a-/ALV-UjUw8OpKcdJ3wgU4-aWUjNw9IvOuYrpTp9cZv2LetnBrjdfI-jk=w45-h45-p-rp-mo-ba2-br100","S3 Technology Pvt. Ltd.","Local Guide Â· 6 reviews Â· 9 photos","î—”","î ¸","2 years ago","Loved the dishes specially Momo, it's very nice one. Small place but enjoyed it...","","î£œ","","","î ","Like","Share",""
"https://lh3.googleusercontent.com/a-/ALV-UjU_UyOCeDXt-I1hdpp7Aq69gRcC03wZGn-IplZ41xo_BBAr99Mm=w45-h45-p-rp-mo-ba5-br100","Shital Shakya","Local Guide Â· 111 reviews Â· 507 photos","î—”","î ¸","6 years ago","The best thing about NPP is the sauce. Mix the spicy and the non spicy one and every dull item becomes tasty. Food is good. But the taste seems to be degrading.","","î£œ","Like","2","î ","","Share",""
"https://lh3.googleusercontent.com/a/ACg8ocIQQR9IcJ-u7ewEkINYdtJ0GT0ZKDnJ4BADfkBnxhv72DBJqxU=w45-h45-p-rp-mo-br100","Amardeep Rana Moktan","12 reviews","î—”","î ¸","4 years ago","I was there to order food. Saw sausages being made and then served. The sausages fell down on the floor and the lady picked it up and served the same sausages to the customer. Disgusting. They dont even care","","î£œ","","","î ","Like","Share",""
"https://lh3.googleusercontent.com/a-/ALV-UjXfKdhbm1_UL9E7pNWFW5Rtmf8ebBdU0FBDwM1bOel5MWT2VDDA=w45-h45-p-rp-mo-ba3-br100","Avishek Dahal","Local Guide Â· 28 reviews Â· 14 photos","î—”","î ¸","9 months ago","Sausages were quite good. Else average","","î£œ","","","î ","Like","Share",""
"https://lh3.googleusercontent.com/a-/ALV-UjUMYbExb8JjSyFDMKqGTfdnCniCG8HuWTVvPNka0EWDFiT8TXk=w45-h45-p-rp-mo-ba6-br100","Pranab Pradhan","Local Guide Â· 225 reviews Â· 3,792 photos","î—”","î ¸","11 months ago","Good for a quick bite, dose not serve tea.","","î£œ","","","î ","Like","Share",""
"https://lh3.googleusercontent.com/a-/ALV-UjUb3nfiCERZrYHeZ7kfpAri2CNeoIY5QqeZeP0Nc82L85V6JjNqMA=w45-h45-p-rp-mo-ba4-br100","Abhishek Chaudhary","Local Guide Â· 72 reviews Â· 347 photos","î—”","î ¸","6 years ago","If you are an indian then I like to stop you from going there. Because I had my first meal in Nepal in NPP.
The chicken was raw, sabji was tasteless. If you are nepali then it's fine.","","î£œ","","","î ","Like","Share",""
"https://lh3.googleusercontent.com/a-/ALV-UjW2woIIswBrUMzY_5y3uAcPAyvBELXXV8moSYAIrJeNouk5Y4As=w45-h45-p-rp-mo-ba3-br100","Monika Prajapati","Local Guide Â· 22 reviews Â· 94 photos","î—”","î ¸","6 years ago","The food here is very cheap and tasty too.  The staffs were very friendly. I had fun while eating here.","","î£œ","","","î ","Like","Share",""
"https://lh3.googleusercontent.com/a-/ALV-UjV3nanLg53f2A6kLflgEXv-LBhQjcW9avcap2XJe2MAgaz19Weh1Q=w45-h45-p-rp-mo-br100","Saksham Shrestha","2 reviews Â· 13 photos","î—”","î ¸","a year ago","Do not recommend to order the drumsticks. The drumsticks were very small.","","î£œ","","","î ","Like","Share","More"
"https://lh3.googleusercontent.com/a-/ALV-UjV5XpjnwAUbsWsACfSdAHy0jw8RCoLG89nqzLc6SvzwcL0XiyBy=w45-h45-p-rp-mo-ba4-br100","Sheron Phillips","Local Guide Â· 45 reviews Â· 153 photos","î—”","î ¸","8 years ago","Good Food for the price..","+2","î£œ","Like","1","î ","Share","",""
"https://lh3.googleusercontent.com/a-/ALV-UjVGZIG_Qc98KwWQFHHe5f3WXqpX1iSVwX-L5gyx0cqN6fUJ184q_Q=w45-h45-p-rp-mo-br100","Sumit Phagami","12 reviews","î—”","î ¸","3 years ago","A decent place for fast food. The service and the foods quality is great too. Recommended","","î£œ","","","î ","Like","Share",""
"https://lh3.googleusercontent.com/a-/ALV-UjXGD2hhJlrvXnGfp7wJwrYhzfZZ5KBB4z3MPcCEY4GUXUZIkeAVIA=w45-h45-p-rp-mo-ba5-br100","Sumit Man Shrestha","Local Guide Â· 225 reviews Â· 360 photos","î—”","î ¸","8 months ago","Good for food and very affordable","","î£œ","","","î ","Like","Share","More"
"https://lh3.googleusercontent.com/a-/ALV-UjUJ2REI4SeSWVbFiILPxLr0j3xGdsO19bohulc4zRg8iQg5fmNT-A=w45-h45-p-rp-mo-ba5-br100","Rukesh Bikram Shahi","Local Guide Â· 150 reviews Â· 475 photos","î—”","î ¸","7 years ago","The most popular place where young group of students have been attracted towards. Provides good stick foods and other also.","","î£œ","","","î ","Like","Share",""
"https://lh3.googleusercontent.com/a/ACg8ocIvZ_ef_f7PabbVWFaTUG3aUIQeJX7t6fx-pOGxemeTjcx3wCRZ=w45-h45-p-rp-mo-ba4-br100","Anish Bajracharya","Local Guide Â· 78 reviews Â· 223 photos","î—”","î ¸","6 years ago","The chilly sauce and the momo sauce are the favorite achar of mine. I recommend not to forget stick potato and the fried & crunchy tofu.","","î£œ","","","î ","Like","Share",""
"https://lh3.googleusercontent.com/a-/ALV-UjVQzmAZXAJ5f-ZeqqgRFWbpeFd6s8K17Bo6vXRN4jS3Kl8_iJqA=w45-h45-p-rp-mo-ba4-br100","Sn Dp","Local Guide Â· 57 reviews Â· 165 photos","î—”","î ¸","6 years ago","Food offered here are so great and delightful

But little bit spectible about hygiene it's not quite good â€¦","","î£œ","","","î ","Like","Share","More"
"https://lh3.googleusercontent.com/a/ACg8ocK2qjRN8r-QPWQ8GtwWH7OjwmpXCIHMIdRPFMmC8KLO0GJt=w45-h45-p-rp-mo-br100","Bhim Tamang","1 review","î—”","î ¸","3 years ago","Fast food for fast people.
Affordable price with good service.
Fried Mushroom and momo was best â¤","","î£œ","Like","1","î ","","Share",""
"https://lh3.googleusercontent.com/a/ACg8ocI7KGAMwvPb9KPKvdLVVfLFtSqHXeTG_gPYaCsAcLQ4vqfNtA=w45-h45-p-rp-mo-ba4-br100","Rupes Maharjan","Local Guide Â· 108 reviews Â· 114 photos","î—”","î ¸","3 years ago","This place serves various types of stick food at moderate price, and chow mein is one of the best item of this place.","","î£œ","","","î ","Like","Share",""
"https://lh3.googleusercontent.com/a-/ALV-UjX4XUSrssijD2YSezqWZ4VHet6s8MijWc5h15ofpP1y37b7yKep=w45-h45-p-rp-mo-ba4-br100","Bishal Pradhan","Local Guide Â· 74 reviews Â· 3 photos","î—”","î ¸","2 years ago","Good for some stick food and quick bite but hygine is not good","","î£œ","","","î ","Like","Share",""
"https://lh3.googleusercontent.com/a-/ALV-UjVe_JClHmqs04ZRUPogIPyOBVEIsTbvd4h5noy27DMGpQt6d9Wi=w45-h45-p-rp-mo-ba3-br100","Romash Shrestha","Local Guide Â· 11 reviews Â· 56 photos","î—”","î ¸","6 years ago","When you are hungry and on tight budget just remember this place...its really cozy and small..it get crowded sometimes but it doesnâ€™t matterğŸ˜ğŸ˜..food is good overall and the service is fast too â€¦","","î£œ","","","î ","Like","Share",""
"https://lh3.googleusercontent.com/a-/ALV-UjX4XTYwZyhP52L9fOeNPnpLX6p-E3yiQNzU2v8x9WlaAmnrkjXy=w45-h45-p-rp-mo-ba3-br100","Abhigya Amatya","Local Guide Â· 15 reviews Â· 2 photos","î—”","î ¸","7 years ago","Literally Marian's adda (Marians can relate xD) Best piirroo sauce and the other aachar is good too. Tasty stick food and fast food as well.","","î£œ","","","î ","Like","Share",""
"https://lh3.googleusercontent.com/a-/ALV-UjWRZECY2eHhn7hUKaKUU6tZQErB7r40htWmq8SCdQftqW2uD7wW=w45-h45-p-rp-mo-ba2-br100","Riya Gurung","Local Guide Â· 6 reviews Â· 2 photos","î—”","î ¸","a year ago","I recommend to have C.momo and chicken burger..for me they are better than anything other..","","î£œ","Like","1","î ","","Share","More"
"https://lh3.googleusercontent.com/a-/ALV-UjWBRWc6NpIA6wichBNtqnKS1d_ZDZFQPqtspjOvgXHpCILH8Lx3qA=w45-h45-p-rp-mo-ba3-br100","Kushagra Acharya","Local Guide Â· 18 reviews Â· 34 photos","î—”","î ¸","4 years ago","Simply the best. Fast, tasty and fresh. Pretty much on your budget. The taste is addictive here.","","î£œ","Like","1","î ","","Share",""
"https://lh3.googleusercontent.com/a-/ALV-UjWmP7M7szK8197ZbuXf7OGi1PDgAQKO1cmPILBojfCbef5bjPEz=w45-h45-p-rp-mo-ba4-br100","Bibek Subedi","Local Guide Â· 155 reviews Â· 128 photos","î—”","î ¸","3 years ago","Good stick foods the classic feeling. Good food if u don't mind the untidiness","","î£œ","","","î ","Like","Share",""
"https://lh3.googleusercontent.com/a/ACg8ocJQ1vglNcNahvXr8sKiHg68b6lUxYmjHpSXhjF-o5Jdzk518g=w45-h45-p-rp-mo-br100","Prabin Tamang","1 review","î—”","î ¸","a month ago","Worst experience ever","","î£œ","","","î ","Like","Share","More"
"https://lh3.googleusercontent.com/a-/ALV-UjXvtfNia2KCZOYBpv3FEgPFMFgJLmwC__x80n9T8MecZvPOpYA_Yg=w45-h45-p-rp-mo-ba4-br100","Reedam Nagila","Local Guide Â· 23 reviews Â· 149 photos","î—”","î ¸","a year ago","The food is great and the service as well.","","î£œ","","","î ","Like","Share","More"
"https://lh3.googleusercontent.com/a-/ALV-UjXRrggasx0hh5OramMptD2S1nY-H1ynwzd0R_aPev-dV2lOigth=w45-h45-p-rp-mo-ba4-br100","Prabin Bhattarai","Local Guide Â· 16 reviews Â· 161 photos","î—”","î ¸","3 years ago","Sausages are exceptionally good ğŸ‘ŒğŸ‘Œ â€¦","","î£œ","","","î ","Share","Like",""
"https://lh3.googleusercontent.com/a-/ALV-UjUgLIsHjBgZ3CZ3FbNboyTcVfEIKCOa7652SfsXTScFbpEaYf3g=w45-h45-p-rp-mo-ba2-br100","Amatya D. Sachin","Local Guide Â· 29 reviews Â· 2 photos","î—”","î ¸","a year ago","The worst fast food experience ive ever bad. Thats all.","","î£œ","","","î ","Like","Share","More"
"https://lh3.googleusercontent.com/a-/ALV-UjW0xdPCHAzNmYrzkyP-l6-GndOTeZgdNS6rh8XCCIACCLldGXc7=w45-h45-p-rp-mo-ba2-br100","Pratik Shrestha","Local Guide Â· 18 reviews Â· 2 photos","î—”","î ¸","2 years ago","Best place for fastfoods, cheap and amazing taste.","","î£œ","","","î ","Like","Share","More"
"https://lh3.googleusercontent.com/a-/ALV-UjX5uujgf9Jh9vNNQa_PSqpifD9IjfiFcndSOv9MNxuBflkxeJnD=w45-h45-p-rp-mo-ba3-br100","Food Explorer Nepal","Local Guide Â· 13 reviews Â· 88 photos","î—”","î ¸","3 years ago","One of the best places for stick food & their achaar is simply heavenly!","","î£œ","","","î ","Share","Like",""
"https://lh3.googleusercontent.com/a-/ALV-UjVZfE2PoyEQ4osYLBGyAXLcRqGwRyH8FJ78QblUx5V3_CZK1vMo=w45-h45-p-rp-mo-ba2-br100","Biwesh Ojha","Local Guide Â· 26 reviews","î—”","î ¸","2 years ago","Delicious stick food all around with affordable price.","","î£œ","","","î ","Like","Share",""
"https://lh3.googleusercontent.com/a-/ALV-UjXdCS6lK81Un5zKu_3l4_dWsBJ4UNChJluLPDpsVnSiyWIbrMpF5g=w45-h45-p-rp-mo-ba3-br100","Prasanni Shrestha","Local Guide Â· 79 reviews Â· 41 photos","î—”","î ¸","2 years ago","I have gone to NPP for yearsss now. Their consistency with food is amazing!","","î£œ","","","î ","Like","Share","More"
"https://lh3.googleusercontent.com/a-/ALV-UjUcnjg-BqpgjAk2Jq-d1vwf20uFF15QC1uotxY3ZxD8RVyDX0Q4lw=w45-h45-p-rp-mo-ba7-br100","Saroj Dhakal","Local Guide Â· 156 reviews Â· 4,983 photos","î—”","î ¸","7 years ago","MoMo is pretty good. An inexpensive restaurant. It's not the best if you want ambience, cozyness and western restaurant.","","î£œ","","","î ","Like","Share",""
"https://lh3.googleusercontent.com/a-/ALV-UjUxDZnNtZmJp7jPcAbSnPInvN3kLjaSVnkud6K00cYIyv_mYtU=w45-h45-p-rp-mo-ba5-br100","Prism","Local Guide Â· 130 reviews Â· 794 photos","î—”","î ¸","4 years ago","what a  rapid service provided here!","","î£œ","Like","3","î ","Share","",""
"https://lh3.googleusercontent.com/a-/ALV-UjUSsOxDsx8w21w_iNQACwpO0Vvwnc8JGmObGZ1V1zNAyt18PlFhuA=w45-h45-p-rp-mo-ba4-br100","Roshan","Local Guide Â· 123 reviews Â· 94 photos","î—”","î ¸","8 months ago","NPP has gone down in its food service and atmosphere.","","î£œ","","","î ","Like","Share","More"
"https://lh3.googleusercontent.com/a-/ALV-UjXefmMVvHKaEi7NyhPkj-bws_DTBndiAtBEMHvMHzqrbSNk86P6SA=w45-h45-p-rp-mo-ba5-br100","Miki Singh","Local Guide Â· 89 reviews Â· 201 photos","î—”","î ¸","2 years ago","The food was okay but the service was very slow and repetitively same natured questions were being asked .","","î£œ","","","î ","Like","Share",""
"https://lh3.googleusercontent.com/a-/ALV-UjVD6a-_jB0dRD9w42GAttQAIj_XTjHE4tzt7uTSmiHPn1GkANrohA=w45-h45-p-rp-mo-ba4-br100","Sarin man shrestha","Local Guide Â· 67 reviews Â· 104 photos","î—”","î ¸","8 years ago","Some of the items are good... But got served undercooked momo once and oily as hell the next time","","î£œ","","","î ","Like","Share",""
"https://lh3.googleusercontent.com/a-/ALV-UjU-7fXLM-OnDrMcCU15v8SBApPLPDM1m5amOpk3RkrHGzGbcpEM=w45-h45-p-rp-mo-ba4-br100","Aabesh Karmacharya","Local Guide Â· 67 reviews Â· 230 photos","î—”","î ¸","6 years ago","Good good, reasonable price, fast service. Not fancy. Good for everyday snacks.","","î£œ","Like","1","î ","","Share",""
"https://lh3.googleusercontent.com/a-/ALV-UjW7_CIOy__Ke7BLdPyTlbTkzLqI2rh4XEu1f26Fggii3p6hbpKB=w45-h45-p-rp-mo-ba3-br100","Sugat Paneru","Local Guide Â· 15 reviews Â· 10 photos","î—”","î ¸","7 years ago","Food is cheap and good. I loved the mushroom stick here.","","î£œ","","","î ","Like","Share",""
"https://lh3.googleusercontent.com/a-/ALV-UjUfma60MCIETWqsmJmxkBbOxsaUjQuANerY8MFpoaTLAwD1bM8S=w45-h45-p-rp-mo-br100","Spandan Pyakurel","2 reviews Â· 1 photo","î—”","î ¸","5 years ago","Place to chat, hangout is nice. Food is not that great as expected. Price is too high.","","î£œ","","","î ","Like","Share",""
"https://lh3.googleusercontent.com/a-/ALV-UjV6hbHg9yjosIsI7V4voyjXeELTegyU2KocZU2H74cWDXjvabEIzA=w45-h45-p-rp-mo-ba5-br100","Randhir Chaudhary","Local Guide Â· 152 reviews Â· 482 photos","î—”","î ¸","a year ago","Good food at reasonable prices.","","î£œ","","","î ","Like","Share","More"
"https://lh3.googleusercontent.com/a-/ALV-UjVrijgWax_V2EMUpTLEuJO6xbVS3xXZmSsrfNIa8xRhsHkVkKQO=w45-h45-p-rp-mo-ba3-br100","Sumiksha Bhatta","Local Guide Â· 21 reviews Â· 41 photos","î—”","î ¸","5 years ago","My personal best of this place are stick foods especially sausages","","î£œ","","","î ","Like","Share",""
"https://lh3.googleusercontent.com/a-/ALV-UjVaZovY0Avu2d7B5vZUjOJ9MqP2j05EDwBwlFkV4DjUb876x-1xAw=w45-h45-p-rp-mo-br100","MARCOS THAKURI","112 reviews","î—”","î ¸","2 years ago","ğ“‘ğ“®ğ“¾ğ“½ğ“²ğ“¯ğ“¾ğ“µ ğ“«ğ“¾ğ“»ğ“°ğ“®ğ“» ğ“±ğ“¸ğ“¾ğ“¼ğ“® ğ“ªğ“½ ğ“µğ“ªğ“µğ“²ğ“½ğ“¹ğ“¾ğ“». â€¦","","î£œ","Like","2","î ","","Share",""
"https://lh3.googleusercontent.com/a/ACg8ocI4KClxzaUZX6XonneDW7okPszRtrJgs_bTjEXH8cY2sWLpWw=w45-h45-p-rp-mo-ba4-br100","Dibyamshu Shrestha","Local Guide Â· 84 reviews Â· 134 photos","î—”","î ¸","8 months ago","Best Sausage and Achar","","î£œ","","","î ","Like","Share","More"
"https://lh3.googleusercontent.com/a-/ALV-UjU3jKeM9WsjmdKJ_96W8kqyHXpFePPo0vJ3b5kK1W5aj_whs0Hn=w45-h45-p-rp-mo-ba3-br100","earn2 learn","Local Guide Â· 38 reviews","î—”","î ¸","2 years ago","Food tastes good but need to improve the service","","î£œ","","","î ","Like","Share",""
"https://lh3.googleusercontent.com/a-/ALV-UjV15GqSXKIkUW1WWj2q0McM92sFDkPJ7LO1t9KCvJTM0NHoK2JFlw=w45-h45-p-rp-mo-ba4-br100","Pravin Adhikari","Local Guide Â· 65 reviews Â· 488 photos","î—”","î ¸","6 years ago","Best sausage and stick foods in the town at the resonable rate.","","î£œ","","","î ","Like","Share",""
"https://lh3.googleusercontent.com/a/ACg8ocIkoHEyjV_XzdO9yBI7n7n_bXiM-qQMT72m-3tOJADSnk1r7txu=w45-h45-p-rp-mo-br100","Reet Kayastha","6 reviews","î—”","î ¸","6 years ago","this place serves delicious stick foods at very cheap price.","","î£œ","","","î ","Like","Share",""
"https://lh3.googleusercontent.com/a-/ALV-UjUFcajxPitTJAuFnDXPTJOuCHTYMngnZkJBvpMQZfrBU1M0DECP=w45-h45-p-rp-mo-ba2-br100","Amir Sohail","Local Guide Â· 10 reviews","î—”","î ¸","11 months ago","Fast service with delicious food.","","î£œ","","","î ","Like","Share","More"
"https://lh3.googleusercontent.com/a-/ALV-UjV0OdxjNxTziKJVDFYInAGmUH0AavqxBS525jxzxY8-mffu-XfE=w45-h45-p-rp-mo-ba2-br100","Rajan Shrestha","Local Guide Â· 11 reviews Â· 16 photos","î—”","î ¸","4 years ago","Food taste was good....
But little bit effort in hygiene","","î£œ","","","î ","Like","Share",""
"https://lh3.googleusercontent.com/a-/ALV-UjXmbRl4SDVI1Hi3IB_-Y-K2mDJdCHuISIrHbErN8l9yTMpjGd9AzA=w45-h45-p-rp-mo-br100","Aayush Basyal","3 reviews Â· 5 photos","î—”","î ¸","6 years ago","Really good for the price.Now has wifi as well , can't ask more","","î£œ","Like","1","î ","","Share",""
"https://lh3.googleusercontent.com/a-/ALV-UjWpWALib0nI6dE16OwefsChCpLi45eANisWm_HdGickrGTwHsJqgA=w45-h45-p-rp-mo-br100","Elisha Ghimire","10 reviews Â· 3 photos","î—”","î ¸","6 years ago","Have made so many memories in this place .. but their service is getting bad these days..","","î£œ","","","î ","Like","Share",""
"https://lh3.googleusercontent.com/a-/ALV-UjW7ECiAkrD3--18FdWMkh5tJlYOJYk4hunpJLn1FRXc_uxeiJzw=w45-h45-p-rp-mo-ba2-br100","Shreya Khadka","Local Guide Â· 11 reviews Â· 16 photos","î—”","î ¸","a year ago","Affordable place with good food.","","î£œ","","","î ","Like","Share","More"
"https://lh3.googleusercontent.com/a-/ALV-UjWY5gllmhx1NtkvY0Q9vO7NXsmz-deYiV2urRPqEIWtW8tVylE=w45-h45-p-rp-mo-br100","Prashanna Takhachhen","1 review","î—”","î ¸","6 years ago","fast service.. tasty food... what else do u want!! ğŸ¤˜ â€¦","","î£œ","","","î ","Like","Share",""
"https://lh3.googleusercontent.com/a-/ALV-UjWtmo3wEeTYNdafN2XlLdQJFVclo-YNPp3ceCfummOxMx7OJZKs=w45-h45-p-rp-mo-ba5-br100","Rumus Bajracharya","Local Guide Â· 151 reviews Â· 146 photos","î—”","î ¸","6 years ago","Really good and cheap fast food service.","","î£œ","","","î ","Like","Share",""
"https://lh3.googleusercontent.com/a-/ALV-UjVHsS0T70PEazN5XHaFkyOQfce-dOZtz-pxPdZJoF2Nsy8b8nJGoA=w45-h45-p-rp-mo-ba4-br100","Namita Kandel","Local Guide Â· 49 reviews Â· 201 photos","î—”","î ¸","6 years ago","It's good place a catch a quick and tasty bite","","î£œ","","","î ","Like","Share",""
"https://lh3.googleusercontent.com/a-/ALV-UjV6B2Xit_v3-fzG7BkEIItIJUjygOkCAXjrrhcfVFnFd25VtuNt9w=w45-h45-p-rp-mo-br100","PRANIL SHAKYA","4 reviews","î—”","î ¸","a year ago","Great for quick service and affordable price","","î£œ","","","î ","Like","Share","More"
"https://lh3.googleusercontent.com/a-/ALV-UjVvRHVQOrA1VgbzqbBhz7UjpBYfxOjPo0tecB7_GFV5tJR9V-Q2=w45-h45-p-rp-mo-ba5-br100","Saphal Adhikari","Local Guide Â· 253 reviews Â· 126 photos","î—”","î ¸","4 years ago","Great for brunch that won't hurt your pocket.","","î£œ","","","î ","Like","Share",""
"https://lh3.googleusercontent.com/a/ACg8ocKnF0OfgImY5StOFUaAN_K-zKOugzWhv0M8aPwTtiEbfvphsw=w45-h45-p-rp-mo-ba2-br100","s. shrestha","Local Guide Â· 8 reviews Â· 2 photos","î—”","î ¸","6 years ago","Food was tasty butplace was not hygenic enough","","î£œ","","","î ","Like","Share",""
"https://lh3.googleusercontent.com/a-/ALV-UjUHezsngD-pBfspIR8mKqFBudqTr62MJLQbEnxkOEKmp7ZJe-pacA=w45-h45-p-rp-mo-br100","Bikram Kumal","12 reviews","î—”","î ¸","3 years ago","Was Good Before but has started to degrade. Kuods Guys Keep pushing up.","","î£œ","","","î ","Like","Share",""
"https://lh3.googleusercontent.com/a/ACg8ocKvv82vgatTdSWWmElTaQn3OrjWICSuqw4Q7ArSK7KO6N_x3Wg=w45-h45-p-rp-mo-ba4-br100","Rabina Shrestha","Local Guide Â· 78 reviews Â· 118 photos","î—”","î ¸","3 years ago","Amazing  street  food available  here..","","î£œ","","","î ","Like","Share",""
"https://lh3.googleusercontent.com/a-/ALV-UjWbBHyXh3UR7R7YpRnyZIjWboGEoiQsNSrzFiv8LkFeJjjRb4N1dg=w45-h45-p-rp-mo-ba4-br100","Ashlesha","Local Guide Â· 73 reviews Â· 106 photos","î—”","î ¸","7 years ago","Very inexpensive. I come here for sausage and salami.","","î£œ","Like","2","î ","","Share",""
"https://lh3.googleusercontent.com/a-/ALV-UjWmklEB7_zGfOi3Fh8mvgwox-IifsYqXp46h3AKxmKs5GJk5fQxMw=w45-h45-p-rp-mo-br100","Barsha Shrestha","2 reviews","î—”","î ¸","7 years ago","Famous for its mouth watering sauce.best american choupsey in town.","","î£œ","","","î ","Like","Share",""
"https://lh3.googleusercontent.com/a-/ALV-UjWD2vDlwv9NlRD1ZcgVVS7jP31c5unOI44RI6yQ_5UTJrMAqXQ=w45-h45-p-rp-mo-ba4-br100","Shreeya Karmacharya","Local Guide Â· 93 reviews Â· 207 photos","î—”","î ¸","6 years ago","Good food. Quick service. Noisy","","î£œ","Like","2","î ","","Share",""
"https://lh3.googleusercontent.com/a-/ALV-UjXdM4wWxJ3nRRrWRMxNMwsT_GrRTfD9cqhxbRlBAVn3WyWSeCjICg=w45-h45-p-rp-mo-ba3-br100","Sukrit Pant","Local Guide Â· 39 reviews","î—”","î ¸","7 years ago","God's food and hygienic place for stick food","","î£œ","","","î ","Like","Share",""
"https://lh3.googleusercontent.com/a-/ALV-UjWdRVZ7K6n6KHFCoGplEGC_2EOeFIDu_IDMQ0kVaZaMosrc3lRp2w=w45-h45-p-rp-mo-ba6-br100","Bijay Prajapati","Local Guide Â· 423 reviews Â· 2,550 photos","î—”","î ¸","5 years ago","Tasty with budget pricing, loved it","","î£œ","","","î ","Like","Share",""
"https://lh3.googleusercontent.com/a-/ALV-UjVitiuWiANUCt1Sof0eVLGH6-Jnuqi_NOEjadaiNJFO89Zojhy3IQ=w45-h45-p-rp-mo-ba2-br100","Devi Bhattarai","Local Guide Â· 17 reviews","î—”","î ¸","a year ago","Found nothing like hyped","","î£œ","","","î ","Like","Share","More"
"https://lh3.googleusercontent.com/a/ACg8ocK31S0LQKveCg0zjPKCIfW52Xguxqp7l533PQZwURqdKuOKmlc=w45-h45-p-rp-mo-ba4-br100","Rohan Karmacharya","Local Guide Â· 62 reviews Â· 48 photos","î—”","î ¸","6 years ago","Good food as compared to Price","","î£œ","","","î ","Like","Share",""
"https://lh3.googleusercontent.com/a-/ALV-UjUstGEOn188WAO1Twd9S1qcElstmSqugTX8hYtIVykGMPKjq0bSag=w45-h45-p-rp-mo-br100","Anish Bhuju","5 reviews Â· 1 photo","î—”","î ¸","3 years ago","Good food, reasonable price.","","î£œ","","","î ","Like","Share",""
"https://lh3.googleusercontent.com/a-/ALV-UjX4cwqliCnTuOyL-JppXrFsyWsgpA4AaifiPtzlIMji-QvSsk0LKw=w45-h45-p-rp-mo-ba4-br100","Pasang Kaji Sherpa","Local Guide Â· 24 reviews Â· 258 photos","î—”","î ¸","4 years ago","Aachar is always on point, the major essence of MO:MO.","","î£œ","Like","1","î ","","Share",""
"https://lh3.googleusercontent.com/a-/ALV-UjUd7oSAynfyO1y6yl8T96GIIkLAHErv4KCrouzIytIjhNN9lsdC=w45-h45-p-rp-mo-ba4-br100","Ujjwal Shrestha","Local Guide Â· 57 reviews Â· 57 photos","î—”","î ¸","3 years ago","Good to eat stick food here.","","î£œ","","","î ","Like","Share",""
"https://lh3.googleusercontent.com/a-/ALV-UjXEG1aKd0pT2NfpAGkba9QD9b0WeQOH0LyomVef7MwX1Aoz2JZm=w45-h45-p-rp-mo-ba3-br100","Bijay Dawadi","Local Guide Â· 25 reviews Â· 9 photos","î—”","î ¸","6 years ago","i just love the suasage over there..very good.","","î£œ","","","î ","Like","Share",""
"https://lh3.googleusercontent.com/a-/ALV-UjVjGxPBzGCoBQxLjxiZKlphrUNxu6sx_vQvY48aB3ij0hEMEKE=w45-h45-p-rp-mo-br100","Karuna Shk","11 reviews Â· 1 photo","î—”","î ¸","5 years ago","Best for stick food ... Cheap","","î£œ","","","î ","Like","Share",""
"https://lh3.googleusercontent.com/a-/ALV-UjW7xNWdRxzIAslagppqAfXVWe-im5HIyXz5-Chbss8oqY7o50N6=w45-h45-p-rp-mo-ba5-br100","Sujan Thapa","Local Guide Â· 168 reviews Â· 75 photos","î—”","î ¸","6 years ago","Great place to hangout with good food","","î£œ","","","î ","Like","Share",""
"https://lh3.googleusercontent.com/a-/ALV-UjVgBlu7d78byQ67muv_7W1ZXf9JOT8sfpQ75I6ERYRL2j7dI6b4=w45-h45-p-rp-mo-ba4-br100","Zyoti Shrestha","Local Guide Â· 53 reviews Â· 24 photos","î—”","î ¸","7 years ago","good place for fast and cheap food","","î£œ","","","î ","Like","Share",""
"https://lh3.googleusercontent.com/a-/ALV-UjWsPRwLNEMreNF70Cb6ozFPxCMCqZxB9GkC2dkKcmC8Q83ImIRRlQ=w45-h45-p-rp-mo-ba5-br100","Jeewan Rai","Local Guide Â· 242 reviews Â· 124 photos","î—”","î ¸","7 years ago","Reasonably priced fast food","","î£œ","","","î ","Like","Share",""
"https://lh3.googleusercontent.com/a/ACg8ocKlN8oBXlzKj-nmpHA6570e2pm0CO4e6HL4yEpABAeD-Avyxw=w45-h45-p-rp-mo-ba4-br100","Mr. X","Local Guide Â· 43 reviews Â· 51 photos","î—”","î ¸","6 years ago","for a quick bite :) and no for hot beverages","","î£œ","","","î ","Like","Share",""
"https://lh3.googleusercontent.com/a-/ALV-UjV3xP5cExvQkRngbdi2D9Y8FlPh5bWB5GL4KISW3O8CoHqa25w8=w45-h45-p-rp-mo-ba4-br100","Sushant Srivastav","Local Guide Â· 89 reviews Â· 313 photos","î—”","î ¸","5 years ago","Tasty food at reasonable pricing","","î£œ","","","î ","Like","Share",""
"https://lh3.googleusercontent.com/a-/ALV-UjUlsDoHC6LKWp1v2m6anfvNLyv04WDH8oehvEbmbEsrsvC3bWT8cg=w45-h45-p-rp-mo-ba4-br100","Salina Koirala","Local Guide Â· 73 reviews Â· 244 photos","î—”","î ¸","2 years ago","NPP special crazy momo is the must try.","","î£œ","","","î ","Like","Share",""
"https://lh3.googleusercontent.com/a-/ALV-UjWLqSUQdo935eFgjlGKvFZ5ONIXVwxVm-VJeI61aITjDQg3bYQ=w45-h45-p-rp-mo-ba3-br100","sudin bhuju shrestha","Local Guide Â· 17 reviews Â· 15 photos","î—”","î ¸","6 years ago","Decent for quick snack","","î£œ","","","î ","Like","Share",""
"https://lh3.googleusercontent.com/a-/ALV-UjVrX-3otZKcvLtb5ZipSDUGrbA-tzyEfqP1tadsybA2JnxG0hhV=w45-h45-p-rp-mo-ba4-br100","Arati Tiwary","Local Guide Â· 109 reviews Â· 187 photos","î—”","î ¸","6 years ago","Cheap and delicious stick food.","","î£œ","","","î ","Like","Share",""
"https://lh3.googleusercontent.com/a-/ALV-UjXQ6dDCCpossr4yocxEsTU7dvrNfJc8TYAiMWlyAn1N7vhSwXXw=w45-h45-p-rp-mo-ba3-br100","Sakriya Nepal","Local Guide Â· 62 reviews Â· 6 photos","î—”","î ¸","5 years ago","Best place for street food loverğŸ’• â€¦","","î£œ","Like","3","î ","","Share",""
"https://lh3.googleusercontent.com/a-/ALV-UjXIe2zEzDJEXFB0cgK0sXZSA897DSGXW-50jVZop0Vh7MmJFm34=w45-h45-p-rp-mo-ba3-br100","Dipesh Adhikari","Local Guide Â· 15 reviews Â· 104 photos","î—”","î ¸","5 years ago","Nice place for yummy fast food","","î£œ","","","î ","Like","Share",""
"https://lh3.googleusercontent.com/a/ACg8ocKNaKXPyii8uY-NTlqMOQAOB6ABRNnN1x0PR9hhaLawsRKP=w45-h45-p-rp-mo-ba3-br100","Regina Brecker","Local Guide Â· 28 reviews Â· 6 photos","î—”","î ¸","6 years ago","Good momo, very affordable","","î£œ","","","î ","Like","Share",""
"https://lh3.googleusercontent.com/a-/ALV-UjWzzqkRk011Hhhfhc4o_TABty7-SOrBIIbJBej130dRqsgsF2BZfg=w45-h45-p-rp-mo-ba4-br100","Bini","Local Guide Â· 75 reviews Â· 271 photos","î—”","î ¸","2 years ago","Average food at average prices.","","î£œ","","","î ","Like","Share",""
"https://lh3.googleusercontent.com/a-/ALV-UjUZrb9RUSKW3TiOVMjlr3mtsfMkw3J7T64gTQXTi6aFRQoZ5DnjlQ=w45-h45-p-rp-mo-ba2-br100","Bibek Paudel","Local Guide Â· 5 reviews Â· 15 photos","î—”","î ¸","2 years ago","Good for fast food","","î£œ","","","î ","Like","Share",""
"https://lh3.googleusercontent.com/a-/ALV-UjXjU2ZzVGNv3qXP1AYD9CbDruur2moSHp6wY_rHZ9TUxSuKHmgJ=w45-h45-p-rp-mo-ba3-br100","Vishal Shrestha","Local Guide Â· 39 reviews Â· 33 photos","î—”","î ¸","4 years ago","Good for a quick bite","","î£œ","Like","1","î ","","Share",""
"https://lh3.googleusercontent.com/a-/ALV-UjX-FPlXwBzX96s827LTdlZ6OmPy0m8LscVQ4PmcXcoWpBlfZTP11g=w45-h45-p-rp-mo-ba3-br100","Srijit Shrestha","Local Guide Â· 25 reviews Â· 41 photos","î—”","î ¸","5 years ago","Cheap and good good but bad service.","","î£œ","","","î ","Like","Share",""
"https://lh3.googleusercontent.com/a-/ALV-UjWEtqmELnraaRc8JbQS8YCmpTYQv2VO6vib0YFBa3AsZNR8jjLZIg=w45-h45-p-rp-mo-br100","Santosh Khatri","2 reviews Â· 30 photos","î—”","î ¸","7 years ago","Good food, good place.","","î£œ","","","î ","Like","Share",""
"https://lh3.googleusercontent.com/a-/ALV-UjWmxLR6vblkLVwb0oxU_tajp0bEhBVBQ6b1v34oxs5G9vXXKcqU=w45-h45-p-rp-mo-ba3-br100","kundan shrestha","Local Guide Â· 15 reviews Â· 47 photos","î—”","î ¸","2 years ago","Efforts should be made on cleaniness.","","î£œ","","","î ","Like","Share",""
"https://lh3.googleusercontent.com/a-/ALV-UjXA69cTkrtmLb1tX805pMPH6QzfeKAHE6kqtVgImM71ddlgTLh7=w45-h45-p-rp-mo-ba4-br100","Aveenas Thokar","Local Guide Â· 41 reviews Â· 59 photos","î—”","î ¸","7 years ago","Holy grail for hungry people on a budget.","","î£œ","","","î ","Like","Share",""
"https://lh3.googleusercontent.com/a-/ALV-UjXDp52gXhfWumgSdIVBs2gaaqLupWuQfdUUygjLAKlDKkcp2ctE=w45-h45-p-rp-mo-ba6-br100","Niranjan Bista","Local Guide Â· 266 reviews Â· 4,262 photos","î—”","î ¸","5 years ago","Spicy n tasty food","","î£œ","","","î ","Like","Share",""
"https://lh3.googleusercontent.com/a/ACg8ocK53NtMEiQdB9JlN2eyF3yFeLUdXidPbTx9W6vIWDRFsAUBuA=w45-h45-p-rp-mo-ba4-br100","sunny Zuwa","Local Guide Â· 115 reviews Â· 65 photos","î—”","î ¸","5 years ago","Cheap food and good","","î£œ","","","î ","Like","Share",""
"https://lh3.googleusercontent.com/a-/ALV-UjV8MGMwyJnRUDy-7D6LA368D-EtnRDYKhERNcVLed2tfprKCtrR4w=w45-h45-p-rp-mo-ba2-br100","Shuva Bhattarai","Local Guide Â· 6 reviews Â· 9 photos","î—”","î ¸","6 years ago","Best fast food","","î£œ","","","î ","Like","Share",""
"https://lh3.googleusercontent.com/a-/ALV-UjWvge8ATBmZSbx0t43T1My9qSO5D1q-qjebrzc88G7gwEtROjP6=w45-h45-p-rp-mo-br100","Pernicious","6 reviews","î—”","î ¸","11 months ago","Hostile environment.","","î£œ","","","î ","Like","Share","More"
"https://lh3.googleusercontent.com/a-/ALV-UjV3rEq3I3u66b4ek3puhoSJf-zlstspKLQ06M7ambaMjwiSbRlMpw=w45-h45-p-rp-mo-ba6-br100","Stha. Modular.","Local Guide Â· 210 reviews Â· 1,754 photos","î—”","î ¸","5 years ago","Good food","","î£œ","Like","7","î ","","Share",""
"https://lh3.googleusercontent.com/a-/ALV-UjXKEm82kNP0RFn-ibevQQZEtfMBKj5IN0W5pFfAss7ZpGwDNOu0=w45-h45-p-rp-mo-ba4-br100","Lukas Hitan","Local Guide Â· 84 reviews Â· 129 photos","î—”","î ¸","a year ago","Best","","î£œ","","","î ","Like","Share","More"
"https://lh3.googleusercontent.com/a/ACg8ocIk7O0d_Q0RDNEYgu9t7Z5HpTM4giAd41s1hLs2FenhjISXjQ=w45-h45-p-rp-mo-ba4-br100","Michel Shl","Local Guide Â· 106 reviews Â· 5 photos","î—”","î ¸","6 years ago","Fast, cheap and good","","î£œ","","","î ","Like","Share",""
"https://lh3.googleusercontent.com/a-/ALV-UjUcsAPuIJ4PXJGOB7xQZNUqpuN44kctnfuvD_Q6Ovucsez94P_rQw=w45-h45-p-rp-mo-ba3-br100","Tom Kushal","Local Guide Â· 18 reviews Â· 63 photos","î—”","î ¸","4 years ago","Best budget restaurant","","î£œ","","","î ","Like","Share",""
"https://lh3.googleusercontent.com/a-/ALV-UjWDKyI7LObFF5qRtiDNTbiav2WA5ti7qK2cza4B2J1zr3-GnyC_=w45-h45-p-rp-mo-ba4-br100","Deepesh Timalsina","Local Guide Â· 122 reviews Â· 7 photos","î—”","î ¸","5 years ago","Famous for fast food","","î£œ","","","î ","Like","Share",""
"https://lh3.googleusercontent.com/a-/ALV-UjVSbhpgIIVUtHzc2yWkzKI3m9wLadIdl2juvBWf0izQ11l7unc2=w45-h45-p-rp-mo-ba4-br100","Raju Adhikary","Local Guide Â· 56 reviews Â· 102 photos","î—”","î ¸","4 years ago","A Great Stick  Food ...","","î£œ","","","î ","Like","Share",""
"https://lh3.googleusercontent.com/a-/ALV-UjXvKMiyE_9NzIKL4kNjYDJhJ0xBJS7LV1MAT7IvGZpmpVBxQycZ=w45-h45-p-rp-mo-ba4-br100","prabin kafle","Local Guide Â· 109 reviews Â· 21 photos","î—”","î ¸","2 years ago","Good experience!","","î£œ","","","î ","Like","Share",""
"https://lh3.googleusercontent.com/a-/ALV-UjWVGTr64GCsoxqorYd--p7zWgnd9Hk2MFn2Avc-67QWLS2xH2TMBQ=w45-h45-p-rp-mo-ba2-br100","Anod Dangol","Local Guide Â· 13 reviews Â· 6 photos","î—”","î ¸","6 years ago","Sausage is best!","","î£œ","","","î ","Like","Share",""
"https://lh3.googleusercontent.com/a-/ALV-UjXvF210JzIjzvDKJxa1Jq7GJqN6141GOt3zmAA1WwYXNOTWU107=w45-h45-p-rp-mo-ba4-br100","Satya J","Local Guide Â· 146 reviews Â· 130 photos","î—”","î ¸","5 years ago","Okay ğŸ‘Œ â€¦","","î£œ","","","î ","Like","Share",""
"https://lh3.googleusercontent.com/a-/ALV-UjUwPDjTnWM-yufUjkvL3CuQS8RD-wVPX_HKDS7LLr9RKmkGWuWn=w45-h45-p-rp-mo-ba4-br100","Roman Parajuli","Local Guide Â· 150 reviews Â· 184 photos","î—”","î ¸","6 years ago","Awesome sticks !!","","î£œ","","","î ","Like","Share",""
"https://lh3.googleusercontent.com/a-/ALV-UjUzeNHzWB_BvFRFVWgIRbVF071wndhVbWvsR7ymggG8oFVLNIcd=w45-h45-p-rp-mo-br100","Pabitra Basnet","4 reviews Â· 1 photo","î—”","î ¸","7 years ago","Beat mushroom fries","","î£œ","","","î ","Like","Share",""
"https://lh3.googleusercontent.com/a-/ALV-UjViQv_eqvdEghsKfbVirsEsTPTS3h_CDgXo_v4lieVhQhuhvne7=w45-h45-p-rp-mo-br100","Sameer Tuladhar","1 review Â· 2 photos","î—”","î ¸","4 years ago","Conjusted","","î£œ","","","î ","Like","Share",""
"https://lh3.googleusercontent.com/a-/ALV-UjX9oGJbiU0-ybJ-CdRUHdLsMXd8Izf3iLkXaSumuelo6h6LT8qK=w45-h45-p-rp-mo-ba3-br100","Er. Bikash Gurung","Local Guide Â· 62 reviews Â· 4 photos","î—”","î ¸","2 years ago","Good food.","","î£œ","","","î ","Like","Share",""
"https://lh3.googleusercontent.com/a-/ALV-UjVBe8bOdHdIZ1Ko03W2Hzp2GB0fp0nIUYtMQrCyUb1R9EnYuVM=w45-h45-p-rp-mo-ba3-br100","Nischhal Pradhan","Local Guide Â· 32 reviews Â· 27 photos","î—”","î ¸","5 years ago","Good cheap food","","î£œ","","","î ","Like","Share",""
"https://lh3.googleusercontent.com/a-/ALV-UjUJHQAyHidl54BrS39de4ma1MN2S7VqOwE2BCZqzaSAIUvcBjg=w45-h45-p-rp-mo-br100","abhyas ojha","2 reviews","î—”","î ¸","5 years ago","good","","î£œ","","","î ","Like","Share",""
"https://lh3.googleusercontent.com/a-/ALV-UjXnB5yhPJgWnQUcFnzCRnddKzgmvpJs2xz499YlRTfNCfmkVHFY=w45-h45-p-rp-mo-ba4-br100","N R","Local Guide Â· 115 reviews Â· 226 photos","î—”","î ¸","5 years ago","Actual Sasto Deal. Mushroom Stick wins.","","î£œ","","","î ","Share","Like",""
"https://lh3.googleusercontent.com/a-/ALV-UjUpupD1YofRX7pyQDa7njOy5J9CBuhDAdztdK_GNt085BlvGivr=w45-h45-p-rp-mo-ba3-br100","Amit","Local Guide Â· 17 reviews Â· 46 photos","î—”","î ¸","10 months ago","Supwr slow service euta c-momo magayeko 25 min lagaidyoğŸ¤¦â€â™‚ï¸
Bad achaar â€¦","","î£œ","","","î ","Like","Share","More"
"https://lh3.googleusercontent.com/a-/ALV-UjUiuvVm2_0QB1L-38dtdZOPQMXm5uvStOa0aEbm_nsLAlANEL-uNQ=w45-h45-p-rp-mo-ba4-br100","Dr.Reviviscent","Local Guide Â· 101 reviews Â· 108 photos","î—”","î ¸","2 years ago","Baal! Esto mitho tasty food items ta kahi khaiyena hola","","î£œ","","","î ","Like","Share",""
"https://lh3.googleusercontent.com/a-/ALV-UjUttDwDd0MnESyL6KG2InIXRCL96WnEQOZMTkc-f1MzuulLJ5AG=w45-h45-p-rp-mo-ba2-br100","sujan maharjan","Local Guide Â· 4 reviews Â· 22 photos","î—”","î ¸","7 months ago","Momo ma masu vanda hawa badi vo.","","î£œ","","","î ","Like","Share",""
"https://lh3.googleusercontent.com/a/ACg8ocKUvxVO14WFQYSbDifSBqAtJpnhu571Hy7GBDhdrLuMB-tPgRc=w45-h45-p-rp-mo-ba4-br100","flick sangit","Local Guide Â· 74 reviews Â· 125 photos","î—”","î ¸","5 years ago","Thuk thuk","","î£œ","","","î ","Like","Share",""
"https://lh3.googleusercontent.com/a-/ALV-UjV_nvdAmgQQkfFnB7nRmEGp4qMM2XeSRxlwDR_LdoAlTnnAjUsS=w45-h45-p-rp-mo-ba3-br100","Utsav Neupane","Local Guide Â· 10 reviews Â· 3 photos","î—”","î ¸","2 years ago","Nepali ma poison drops","","î£œ","","","î ","Like","Share",""
"https://lh3.googleusercontent.com/a-/ALV-UjWfz9XsCxoD1Oebkk1Ib4cliZjXadCay2kS_1BIwKqcnrId6UCTSw=w45-h45-p-rp-mo-br100","Ruby Shrestha","1 photo","î—”","î ¸","5 years ago","","","","","","","","",""
"https://lh3.googleusercontent.com/a-/ALV-UjXrWpBReFyYtPFCAjVhzzfB_M22t_RcLCFFKFeHd9jzaYZD5NeU=w45-h45-p-rp-mo-ba4-br100","Asrar Ansari","Local Guide Â· 27 reviews Â· 47 photos","î—”","î ¸","a year ago","","","î£œ","","","î ","Like","Share","More"
"https://lh3.googleusercontent.com/a/ACg8ocI-u4TSwCK_-Vi4n1U4ENeB2UQnhGjAioWylksNlxIxd4VHBA=w45-h45-p-rp-mo-ba2-br100","neha nayak","Local Guide Â· 14 reviews Â· 2 photos","î—”","î ¸","a year ago","","","î£œ","","","î ","Like","Share","More"
"https://lh3.googleusercontent.com/a-/ALV-UjW5-Y1bX24_ugs0VRSdvPsezP30nZsdrfAkuzQL4vCebdWc99cbyQ=w45-h45-p-rp-mo-ba3-br100","Abhishek Acharya","Local Guide Â· 26 reviews Â· 22 photos","î—”","î ¸","a year ago","","","î£œ","","","î ","Like","Share","More"
"https://lh3.googleusercontent.com/a-/ALV-UjXae8dxOEZYEZdlr9nPxG-gsLYeiqvqgc0vcTxrl8-8nKxnYUXF=w45-h45-p-rp-mo-ba4-br100","Rohika K.C.","Local Guide Â· 4 reviews Â· 74 photos","î—”","î ¸","a year ago","","","î£œ","","","î ","Like","Share","More"
"https://lh3.googleusercontent.com/a-/ALV-UjWHmtBcATXwEuKa361KrUYdsul3a_irigU2uwmdOcnPL46qQBhq=w45-h45-p-rp-mo-ba2-br100","Samir Paudyal","Local Guide Â· 2 reviews Â· 2 photos","î—”","î ¸","a year ago","","","î£œ","","","î ","Like","Share","More"
"https://lh3.googleusercontent.com/a-/ALV-UjUo_L9jmuB9XIJNeCERFIE3Z8Uz-tAzUDNWP9HB14oMkZdW4aM=w45-h45-p-rp-mo-br100","Ozesh Thapa","","î—”","î ¸","a year ago","","","î£œ","","","î ","Like","Share","More"
"https://lh3.googleusercontent.com/a-/ALV-UjUFi_SXP82lgmpYZg_9d87ooCYofIq-pBWiEJZhjgF3h6C2UQ4=w45-h45-p-rp-mo-ba3-br100","Aacish Lamichhane","Local Guide Â· 4 reviews Â· 31 photos","î—”","î ¸","a year ago","","","î£œ","","","î ","Like","Share","More"
"https://lh3.googleusercontent.com/a-/ALV-UjW09C0soF0FGEr9qVwseFwDhgtJnyq9Si2yJsbelJOvlRKMMx3E=w45-h45-p-rp-mo-ba5-br100","Prakash Shrestha","Local Guide Â· 24 reviews Â· 1,147 photos","î—”","î ¸","2 years ago","","","î£œ","","","î ","Like","Share","More"
"https://lh3.googleusercontent.com/a-/ALV-UjVp664foefPBL3LbhdFaRHbPd4OmwQVd60vMJ3R60rKAk9W_kE=w45-h45-p-rp-mo-ba3-br100","Rhythm Paudel","Local Guide Â· 22 reviews Â· 12 photos","î—”","î ¸","2 years ago","","","î£œ","","","î ","Like","Share","More"
"https://lh3.googleusercontent.com/a/ACg8ocKs5tEbSK4-3tYrmM8ylDiCbQdXJyTKvl53ZFzQFBxMB_kGRA=w45-h45-p-rp-mo-br100","Puskar Kh","12 photos","î—”","î ¸","2 weeks ago","","","","","","","","",""
"https://lh3.googleusercontent.com/a-/ALV-UjXp-439MBV3TPo5HBzhjpPYw2pHBwiv6nWBsqFCCwwsHS0AjdvEVg=w45-h45-p-rp-mo-ba2-br100","Sameer Roka","Local Guide Â· 6 reviews","î—”","î ¸","a month ago","","","","","","","","",""
"https://lh3.googleusercontent.com/a-/ALV-UjVadCWb3o25k2o2gjmqen7w3bMnt60MAyboxOByoWthRmoeKKs74A=w45-h45-p-rp-mo-br100","Sharma Prashant","1 review","î—”","î ¸","2 months ago","","","","","","","","",""
"https://lh3.googleusercontent.com/a/ACg8ocK6ccCi_iJ2A7S-2XyVmmHJhFQRrzzdm5KP3Yta1Xs86poVrus=w45-h45-p-rp-mo-ba3-br100","Priyanjana Bhattarai","Local Guide Â· 25 reviews Â· 45 photos","î—”","î ¸","3 months ago","","","","","","","","",""
"https://lh3.googleusercontent.com/a-/ALV-UjUrBHsxhttNFD4830JsJ86jbf-SDIfJs7_YZAhJpjxUNRU_JMg2tg=w45-h45-p-rp-mo-ba3-br100","shriju thapa","Local Guide Â· 3 reviews Â· 65 photos","î—”","î ¸","3 months ago","","","î£œ","","","î ","Share","Like","More"
"https://lh3.googleusercontent.com/a-/ALV-UjWVTCvMhsewWeJB7ZTh9NrjBWq7tqgcEXaEIJVqvheZ7rrudAg=w45-h45-p-rp-mo-br100","Mash sudan Karki","2 reviews Â· 6 photos","î—”","î ¸","3 months ago","","","","","","","","",""
"https://lh3.googleusercontent.com/a-/ALV-UjXq--8hjElxii4jusEmGpLoFXUxvqyzx0Tyw-xkMDg6pVx2LabiTA=w45-h45-p-rp-mo-br100","nimmi wiz","7 photos","î—”","î ¸","4 months ago","","","","","","","","",""
"https://lh3.googleusercontent.com/a/ACg8ocLIoDCEzPqEs1Pda9okaUzCple6OtmTTsN3_5_4iaoyrV402Q=w45-h45-p-rp-mo-br100","Sahara Chamling","","î—”","î ¸","5 months ago","","","î£œ","","","î ","Like","Share","More"
"https://lh3.googleusercontent.com/a-/ALV-UjW_ZXN1fZfcE0a6kn-KO4enmpmMkXK38yU5BvGdkQj2NEjJWiVsTw=w45-h45-p-rp-mo-ba4-br100","Siddhartha Shrestha","Local Guide Â· 43 reviews Â· 112 photos","î—”","î ¸","5 months ago","","","î£œ","","","î ","Like","Share","More"
"https://lh3.googleusercontent.com/a-/ALV-UjUtWypdwBanNz8kNn0gY778Q7WNDB8QhY3YrOErHiJO8Tq5frsHGA=w45-h45-p-rp-mo-ba3-br100","Mohammad Afroz Iqbal","Local Guide Â· 16 reviews Â· 23 photos","î—”","î ¸","6 months ago","","","î£œ","","","î ","Like","Share","More"
"https://lh3.googleusercontent.com/a-/ALV-UjURpi40YkkIH0DPOxLA7EubxBuosN7kPHG8me9IlxwXp4UkI_H_qQ=w45-h45-p-rp-mo-ba5-br100","Siddhi Kiran Bajracharya","Local Guide Â· 131 reviews Â· 667 photos","î—”","î ¸","7 months ago","","","î£œ","","","î ","Like","Share","More"
"https://lh3.googleusercontent.com/a-/ALV-UjUIJGA4wpUz2HD-CxGwNEGoLJnHqa2jUpnUYATmaPjbGTKZiedj=w45-h45-p-rp-mo-br100","czan rizal","2 photos","î—”","î ¸","7 months ago","","","","","","","","",""
"https://lh3.googleusercontent.com/a/ACg8ocLQRbJu6BzskqEfYgdgYGFDjBTyIfP2JxjB-YPosdT4eYVsEyg=w45-h45-p-rp-mo-br100","abinashrus lama","1 review","î—”","î ¸","8 months ago","","","î£œ","","","î ","Like","Share","More"
"https://lh3.googleusercontent.com/a-/ALV-UjWU80PmD9j_8wl_ecCUTjz9NbM6xRZUpfcsUn6f2SMcKlwfGNRH=w45-h45-p-rp-mo-ba3-br100","Lomas Subedi","Local Guide Â· 28 reviews Â· 5 photos","î—”","î ¸","9 months ago","","","","","","","","",""
"https://lh3.googleusercontent.com/a-/ALV-UjWd1vA90vTZycre5_1Z_0a8KbmHDtYpu_lhPwb81y5wtzAUfxUj=w45-h45-p-rp-mo-br100","Bibek Twati","1 photo","î—”","î ¸","9 months ago","","","","","","","","",""
"https://lh3.googleusercontent.com/a-/ALV-UjV2N-fhF3Bs5XlyGpdCPi2kONy34uJkEjjFlmdPbptcJxS9LBJJ9Q=w45-h45-p-rp-mo-ba2-br100","Rohit John Chettri","Local Guide Â· 4 reviews Â· 6 photos","î—”","î ¸","9 months ago","","","î£œ","","","î ","Like","Share","More"
"https://lh3.googleusercontent.com/a-/ALV-UjWnmjzDsOBSSHLFbC6GMRKnDQ6XXILl9oalBDHtgYBWamQs6QHs=w45-h45-p-rp-mo-ba2-br100","Nishant Rimal","Local Guide Â· 6 reviews Â· 30 photos","î—”","î ¸","10 months ago","","","î£œ","","","î ","Like","Share","More"
"https://lh3.googleusercontent.com/a-/ALV-UjUZPnJmiGiEOOFQ4ydBCm3Q3GRB2LBiAxzYZUbogQklw-V98sT0=w45-h45-p-rp-mo-ba3-br100","Ashish Thapa","Local Guide Â· 17 reviews Â· 6 photos","î—”","î ¸","10 months ago","","","î£œ","","","î ","Like","Share","More"
"https://lh3.googleusercontent.com/a-/ALV-UjWpclRMKamOTTSo9xFp1DdjUjAHslx8VOoUjS_xc2FLLk_H5CbrTg=w45-h45-p-rp-mo-ba3-br100","Juna Shrestha","Local Guide Â· 7 reviews Â· 18 photos","î—”","î ¸","10 months ago","","","î£œ","","","î ","Like","Share","More"
"https://lh3.googleusercontent.com/a-/ALV-UjXyoKAfCpLpg61Mayqr5LHshykY7ZJiR8bgVhvJD6YDCumMr0c=w45-h45-p-rp-mo-br100","Ashok Pratiyogi","2 reviews Â· 7 photos","î—”","î ¸","10 months ago","","","î£œ","","","î ","Like","Share","More"
"https://lh3.googleusercontent.com/a/ACg8ocKod3Srf3I5MW0tBgMMMtPFt_pJMLqWXrO2SHtZ3xQdxUQgxw=w45-h45-p-rp-mo-br100","binay poudel","9 reviews","î—”","î ¸","11 months ago","","","","","","","","",""
"https://lh3.googleusercontent.com/a-/ALV-UjWmjZs1uWwDPWoP00sBP2GY0nFcd2VU_w78g4aiLtIksbyQOqLXfw=w45-h45-p-rp-mo-ba3-br100","braj Bhandari (Sane)","Local Guide Â· 7 reviews Â· 9 photos","î—”","î ¸","11 months ago","","","î£œ","","","î ","Like","Share","More"
"https://lh3.googleusercontent.com/a-/ALV-UjUZgYpChunRCJUGMX4XeDCm41XZ7YBjk8l7uitzgiwzDbmdy08=w45-h45-p-rp-mo-ba3-br100","Sandalamu Sherpa","Local Guide Â· 3 reviews Â· 15 photos","î—”","î ¸","11 months ago","","","î£œ","","","î ","Like","Share","More"
"https://lh3.googleusercontent.com/a-/ALV-UjW_vdjOgH2kaiGpy1lYIBfpFxiv1D2dwEl_m9zdhpMwVO2sotBI=w45-h45-p-rp-mo-ba3-br100","Sanish","Local Guide Â· 23 reviews Â· 38 photos","î—”","î ¸","11 months ago","","","î£œ","","","î ","Like","Share","More"
"https://lh3.googleusercontent.com/a-/ALV-UjWeiEFhzMIJs9tXd_h8iOruzx79PijD-_tfxNvLhoMn8KAqioSM=w45-h45-p-rp-mo-ba3-br100","Samin Shrestha","Local Guide Â· 15 reviews Â· 57 photos","î—”","î ¸","a year ago","","","î£œ","","","î ","Like","Share","More"
"https://lh3.googleusercontent.com/a/ACg8ocKjMxQYC7AQ_L2mtBAHKjyFlnOCbdXZvr-v3YnunaCIGvY22w=w45-h45-p-rp-mo-br100","Pujan Amatya","","î—”","î ¸","a year ago","","","","","","","","",""
"https://lh3.googleusercontent.com/a-/ALV-UjUYizvirjcEoLKmHPlZzmjtpUO0BU_H618pplKpY1wru3URwlNMwA=w45-h45-p-rp-mo-ba3-br100","Sudarshan Rai","Local Guide Â· 6 reviews Â· 18 photos","î—”","î ¸","a year ago","","","î£œ","","","î ","Like","Share","More"
"https://lh3.googleusercontent.com/a-/ALV-UjVfMQwN_j5cLGVqTCdV0bOev2ePS_t6SBxy2U89cyONDXudJhlg=w45-h45-p-rp-mo-ba2-br100","Gaurav Gautam","Local Guide Â· 1 review Â· 40 photos","î—”","î ¸","a year ago","","","","","","","","",""
"https://lh3.googleusercontent.com/a-/ALV-UjU3r9Bv1EFqNAKC7Ent6tAfGxMwpeo6dwPK3U9_t64jd6KPI70=w45-h45-p-rp-mo-ba3-br100","Sashindra Shrestha","Local Guide Â· 44 reviews Â· 19 photos","î—”","î ¸","a year ago","","","î£œ","","","î ","Like","Share","More"
"https://lh3.googleusercontent.com/a-/ALV-UjVyc6S8-UhSTe1CYNBNRqVVMTTLxhGbq5_CvmdNLQllXNHzsISRSw=w45-h45-p-rp-mo-ba3-br100","Nivita Chapagain","Local Guide Â· 21 photos","î—”","î ¸","a year ago","","","î£œ","","","î ","Like","Share","More"
"https://lh3.googleusercontent.com/a-/ALV-UjXQyAQ5Uo7IVxdEjjWB62vMImQJhjaQTDQKc0qyORg8MOp43p-A=w45-h45-p-rp-mo-ba2-br100","Lil Nishan","Local Guide","î—”","î ¸","a year ago","","","î£œ","","","î ","Like","Share","More"
"https://lh3.googleusercontent.com/a/ACg8ocJ2NBmvycxT_V57N47RCim-0GwRHMw7I5F7_K_N3MZobuwhzQ=w45-h45-p-rp-mo-br100","Bibhu Kaphle","2 reviews","î—”","î ¸","a year ago","","","","","","","","",""
"https://lh3.googleusercontent.com/a-/ALV-UjXmyyphBwhkgVOjwoDAH55Mclrid9C-H8-3c6HbKs0NOPzk3cJ4Vg=w45-h45-p-rp-mo-br100","Arun Subedi","","î—”","î ¸","a year ago","","","î£œ","","","î ","Like","Share","More"
"https://lh3.googleusercontent.com/a-/ALV-UjV0asrLIVuJBkBZ_PGkUFGTP6cDHk2quti5sqFcKjLUclKpTA8y3A=w45-h45-p-rp-mo-ba4-br100","Manoj Sharma","Local Guide Â· 78 reviews Â· 251 photos","î—”","î ¸","a year ago","","","î£œ","","","î ","Like","Share","More"
"https://lh3.googleusercontent.com/a-/ALV-UjX2jrRzzmiiB6NHNSLXXC4alpQ2wl6GZ9K1mqKn6rYfZzZW0IkwRg=w45-h45-p-rp-mo-ba4-br100","PJ","Local Guide Â· 108 reviews Â· 73 photos","î—”","î ¸","a year ago","","","î£œ","","","î ","Like","Share","More"
"https://lh3.googleusercontent.com/a-/ALV-UjVT51hUbS8SFZQFgn5xTO26IGVJ4EeZJkGEhsGsD_S1mCG_CUdu=w45-h45-p-rp-mo-ba4-br100","Himanshu Shrestha","Local Guide Â· 78 reviews Â· 327 photos","î—”","î ¸","a year ago","","","î£œ","","","î ","Like","Share","More"
"https://lh3.googleusercontent.com/a-/ALV-UjXmkZrfaJiqVjohZvIxJHDYBceZTEMIIylNOKEeN-yiga6xtO-7yA=w45-h45-p-rp-mo-ba3-br100","Death Stalk3rYT","Local Guide Â· 20 reviews Â· 104 photos","î—”","î ¸","a year ago","","","î£œ","","","î ","Like","Share","More"
"https://lh3.googleusercontent.com/a-/ALV-UjXdGOAnrsSmISJkDLWF7lyg0_JpZut3X-1MElohnjTZocGDLjOw=w45-h45-p-rp-mo-br100","Thapa Asmeet","3 reviews","î—”","î ¸","a year ago","","","","","","","","",""
"https://lh3.googleusercontent.com/a-/ALV-UjV4y0DfQoblslzT225TUsAtOcDiGeZR-nCjJFGWUekokcl6kvGn=w45-h45-p-rp-mo-ba4-br100","Bipin Devkota","Local Guide Â· 9 reviews Â· 267 photos","î—”","î ¸","a year ago","","","î£œ","","","î ","Like","Share","More"
"https://lh3.googleusercontent.com/a-/ALV-UjWCtESCYpEA5eeNFKFUfhZdD8VKv3Xea13Lmhk12Nev44AA8Oug=w45-h45-p-rp-mo-ba3-br100","Vivek Anand","Local Guide Â· 4 reviews","î—”","î ¸","a year ago","","","","","","","","",""
"https://lh3.googleusercontent.com/a-/ALV-UjUL1BTr8iWcDRmvQi9QakzdC40vPbVi0F21iBy4H3FfzSY6HPvdig=w45-h45-p-rp-mo-br100","Prabina Shakya","3 reviews Â· 8 photos","î—”","î ¸","a year ago","","","","","","","","",""
"https://lh3.googleusercontent.com/a-/ALV-UjUcRyZj-nZpYSstCal9CgJcWiQVIeHzKdk-gGC7vRGGSmDVOqg=w45-h45-p-rp-mo-br100","yasmine manandhar","2 reviews","î—”","î ¸","a year ago","","","","","","","","",""
"https://lh3.googleusercontent.com/a/ACg8ocKgc_6ViGXM1gDiTMYf5Bty5-ddyCbeI86a_GiyqscKmF7k=w45-h45-p-rp-mo-br100","Aavash Khadayat","","î—”","î ¸","a year ago","","","","","","","","",""
"https://lh3.googleusercontent.com/a-/ALV-UjV55lQQa89bLMXSmjPFZzgLuzO6lql1po6AdZHnGqB_wQkEPDcT=w45-h45-p-rp-mo-br100","Nayan Raj Prajapati","2 reviews","î—”","î ¸","a year ago","","","","","","","","",""
"https://lh3.googleusercontent.com/a-/ALV-UjXwuPypKDNQCmct2LnzjqdULrzkW91sweoVfa9sx8gH7O6kIPfv=w45-h45-p-rp-mo-br100","Som Lama","2 photos","î—”","î ¸","a year ago","","","","","","","","",""
"https://lh3.googleusercontent.com/a-/ALV-UjWIAQqsNotMQsKuN6jKClbIANZBYh1LHkraOUQue_LQDdjJc3kJ=w45-h45-p-rp-mo-ba4-br100","Rahul Shah","Local Guide Â· 15 reviews Â· 17 photos","î—”","î ¸","a year ago","","","","","","","","",""
"https://lh3.googleusercontent.com/a-/ALV-UjWocTnYbIaGdIdkp9HcBH7m-6VdoKPLcJgBxvvjMuIZF24-PD-1yg=w45-h45-p-rp-mo-ba3-br100","Ananda Adhikari","Local Guide Â· 1 review Â· 13 photos","î—”","î ¸","a year ago","","","","","","","","",""
"https://lh3.googleusercontent.com/a-/ALV-UjVKIA2U8KxgpzlEnhV6028OiqEhtpIqf5cRtnNSwGaAfjDuVzOFyQ=w45-h45-p-rp-mo-ba6-br100","Amish Pokhrel","Local Guide Â· 205 reviews Â· 3,226 photos","î—”","î ¸","2 years ago","","","","","","","","",""
"https://lh3.googleusercontent.com/a-/ALV-UjWwSEHHAJGqa-4N4zEe2Ar4QvZP0trlJBqUw1UWGoqK7O1dLfJF=w45-h45-p-rp-mo-ba3-br100","Aashish Sapkota","Local Guide Â· 24 reviews Â· 127 photos","î—”","î ¸","2 years ago","","","","","","","","",""
"https://lh3.googleusercontent.com/a-/ALV-UjVkKowODh-QcFgAUh3JhQjXN3bh6iDviQjMb5RHvPdzfk1XDM259Q=w45-h45-p-rp-mo-br100","Mahesh Shakya","6 reviews Â· 7 photos","î—”","î ¸","2 years ago","","","","","","","","",""
"https://lh3.googleusercontent.com/a-/ALV-UjUyJ_caL9QdWULWoOHvahGB6UpRf5AjeaP5svW6XO4G0qFrHDSs=w45-h45-p-rp-mo-br100","Acharya Adarsha","4 reviews Â· 2 photos","î—”","î ¸","2 years ago","","","","","","","","",""
"https://lh3.googleusercontent.com/a-/ALV-UjUlMbrLIfgPZ2bJmtck_AW9LiW29RzH0gY6hCoE4zFdFOg13WWd=w45-h45-p-rp-mo-br100","Asmi K","6 reviews","î—”","î ¸","2 years ago","","","","","","","","",""
"https://lh3.googleusercontent.com/a-/ALV-UjV0x9lDrjTPLTiYIOFYRWOYVT3p_VX9hvtAJL1u9_tUOOH-8mw=w45-h45-p-rp-mo-ba3-br100","Niroj Adhikari","Local Guide Â· 28 reviews Â· 47 photos","î—”","î ¸","2 years ago","","","","","","","","",""
"https://lh3.googleusercontent.com/a-/ALV-UjWRCx7qqSjuUNPj-HZzBCQuWAtI4aNYapUZNSTdqdL1L7b32O-Ajw=w45-h45-p-rp-mo-ba4-br100","Rubin Poudel","Local Guide Â· 22 reviews Â· 153 photos","î—”","î ¸","2 years ago","","","","","","","","",""
"https://lh3.googleusercontent.com/a-/ALV-UjVYqApPxw6yEGBHDHVAUploxcoXHwFtl-qyw071ZbWl8oXJhQVvUg=w45-h45-p-rp-mo-ba6-br100","Madhav Neupane","Local Guide Â· 30 reviews Â· 2,686 photos","î—”","î ¸","2 years ago","","","","","","","","",""
"https://lh3.googleusercontent.com/a-/ALV-UjWyVSAcR5oyajzoyad7vt7gfDmc-ZR1sk1lpU23jrBhioKxI0B2=w45-h45-p-rp-mo-ba6-br100","Paribesh Acharya","Local Guide Â· 223 reviews Â· 1,305 photos","î—”","î ¸","2 years ago","","","","","","","","",""
"https://lh3.googleusercontent.com/a/ACg8ocJHfLKY5LLfLlt2dKYnEmk_Ssj5Mj-AXI-VvIJ3674GmJbTR4M=w45-h45-p-rp-mo-br100","Ramesh Malasi","1 review Â· 5 photos","î—”","î ¸","2 years ago","","","","","","","","",""
"https://lh3.googleusercontent.com/a-/ALV-UjUiuruOE0PsVSJiM4fg0lkL8m228PSAAXVlwIDogaTRHOCTYTZN=w45-h45-p-rp-mo-br100","Pratibimba Adhikary Adhikary","1 review","î—”","î ¸","2 years ago","","","","","","","","",""
"https://lh3.googleusercontent.com/a-/ALV-UjWOQTbjzfG1N3ukFJDWVw8Yfh6jDi3LrDDvbGx9tDy6Zq1wr7jJ=w45-h45-p-rp-mo-br100","Minami Ankit","2 reviews","î—”","î ¸","2 years ago","","","","","","","","",""
"https://lh3.googleusercontent.com/a-/ALV-UjW9pCBywa1N3W2O-Ng90xJhwELv6ZbDM0IyEbrCz-78XAuz07piTQ=w45-h45-p-rp-mo-br100","Anurupa Dhamala","2 photos","î—”","î ¸","2 years ago","","","","","","","","",""
"https://lh3.googleusercontent.com/a-/ALV-UjVFc-UWDWodmnushxCWT8L1B4oRZjmd6b5uQQEYYlkl5YYrTZBydg=w45-h45-p-rp-mo-ba3-br100","Abiral Adhikari","Local Guide Â· 23 reviews Â· 6 photos","î—”","î ¸","2 years ago","","","","","","","","",""
"https://lh3.googleusercontent.com/a-/ALV-UjUc2Ie2Jt_W1o5Vz7vn8L-0fSgKlcrTCq8cKzYyg5w5I4MllW70Kw=w45-h45-p-rp-mo-ba4-br100","Samir Thapa","Local Guide Â· 64 reviews Â· 45 photos","î—”","î ¸","2 years ago","","","","","","","","",""
"https://lh3.googleusercontent.com/a-/ALV-UjVANwFR3o6AJnEjMAlWEo3CZ4X5HxjvEnnKnkJLtqfp8PAVuTFm=w45-h45-p-rp-mo-ba2-br100","Magar Saroj","Local Guide Â· 10 reviews Â· 29 photos","î—”","î ¸","2 years ago","","","","","","","","",""
"https://lh3.googleusercontent.com/a-/ALV-UjWfMpb6JaYOaomCkM0B02S4AI9M1QtgcpEEBOWLRL7PKk59sJbe=w45-h45-p-rp-mo-br100","Shaurya Pratap Sah","","î—”","î ¸","2 years ago","","","","","","","","",""
"https://lh3.googleusercontent.com/a-/ALV-UjVX5DSo8_Q4oAQ0WGyfSx7-S54kK_Fp5U9a73TTGdpkXG22Kr1Peg=w45-h45-p-rp-mo-br100","SUSHIL NEUPANE","3 reviews Â· 4 photos","î—”","î ¸","2 years ago","","","","","","","","",""
"https://lh3.googleusercontent.com/a-/ALV-UjUQv5-WxUg2otI2GeU6aujtRvFI9ZIiEcjHwC8LfFOtgkr9uA0ygw=w45-h45-p-rp-mo-br100","Pabitra Bhattarai","3 reviews","î—”","î ¸","2 years ago","","","","","","","","",""
"https://lh3.googleusercontent.com/a-/ALV-UjUJDS9Se6iaggB3ZsSp0wi0IcZHEYw0kBovkx8LWi60fgiF7Ms=w45-h45-p-rp-mo-br100","sus hunt","","î—”","î ¸","2 years ago","","","","","","","","",""
"https://lh3.googleusercontent.com/a-/ALV-UjUYZQ-laCdsud7GNWt7PAmpUVrC8SskgeQseP5BkdWAxydn7G4G=w45-h45-p-rp-mo-br100","Dipendra Mahatara","1 photo","î—”","î ¸","2 years ago","","","","","","","","",""
"https://lh3.googleusercontent.com/a-/ALV-UjVmDZXHRaRRuiSCRjD4oj7M-XVi66L6rXQ9ejeExnMNTkvHc4m3=w45-h45-p-rp-mo-br100","Aakash Ranabhat","","î—”","î ¸","2 years ago","","","","","","","","",""
"https://lh3.googleusercontent.com/a-/ALV-UjWI47Ii5VDltCbIkVqFjEzkKgjZyLY_IkAetrImlemR_-84Zq-m=w45-h45-p-rp-mo-ba2-br100","Jeny Sherchan","Local Guide Â· 9 reviews Â· 3 photos","î—”","î ¸","2 years ago","","","","","","","","",""
"https://lh3.googleusercontent.com/a-/ALV-UjXiam0z-KCWYXyOjFcGGu7XpIpspCyKXvPyl_zZRYRiwXWtpW3caQ=w45-h45-p-rp-mo-br100","avash kumar","4 reviews","î—”","î ¸","2 years ago","","","","","","","","",""
"https://lh3.googleusercontent.com/a-/ALV-UjUU8w_1Vh6aXsLsPlo_Hn4gmVHjT9DIjKc-aE9LIVGYCsyNVe0=w45-h45-p-rp-mo-ba4-br100","Deepak Narasinha","Local Guide Â· 88 reviews Â· 35 photos","î—”","î ¸","2 years ago","","","","","","","","",""
"https://lh3.googleusercontent.com/a/ACg8ocIXM0LPRqREEMM13YWgPXCQveAd6duQhLjL_ljTtUOOygo-oH4=w45-h45-p-rp-mo-br100","Sneha Jha","","î—”","î ¸","2 years ago","","","","","","","","",""
"https://lh3.googleusercontent.com/a-/ALV-UjVnDmsdCecpHsB5PME0ExwUI9XYLms-skoad42t-SZmrXkgvuE=w45-h45-p-rp-mo-br100","Deepak Shrestha","8 reviews Â· 13 photos","î—”","î ¸","2 years ago","","","","","","","","",""
"https://lh3.googleusercontent.com/a/ACg8ocIXXTrkDntL0254YbKSj9oatUqq-UPjkXxmzctFs1vLkH1ilg=w45-h45-p-rp-mo-br100","narad kc","","î—”","î ¸","2 years ago","","","","","","","","",""
"https://lh3.googleusercontent.com/a-/ALV-UjUM8ksOnu2UDUoEm6u3prAFPYp1h68pn1fCZ-cAVbbt9ECnPod6QQ=w45-h45-p-rp-mo-ba2-br100","raghav bista (Bistuu)","Local Guide Â· 9 reviews Â· 5 photos","î—”","î ¸","2 years ago","","","","","","","","",""
"https://lh3.googleusercontent.com/a/ACg8ocIcp4CNjLGV_OGMbrzjvvZo-eAp0VqJTibnRaTr_OzDpaI6Cg=w45-h45-p-rp-mo-br100","Sachu Shrestha","5 reviews Â· 2 photos","î—”","î ¸","2 years ago","","","","","","","","",""
"https://lh3.googleusercontent.com/a-/ALV-UjVYEkaRKHmZMFE3JUw5pwm3w_Z3c7HQk_AXttkRcIFpCra4hXdS=w45-h45-p-rp-mo-ba2-br100","Dipesh Acharya","Local Guide Â· 2 reviews Â· 21 photos","î—”","î ¸","2 years ago","","","","","","","","",""
"https://lh3.googleusercontent.com/a-/ALV-UjWUvHRZrsjLIoBmyW7HLT3OGqvxPfUSXfZZfk15fchHVyivLCJWqA=w45-h45-p-rp-mo-ba4-br100","Prajwal Bajracharya","Local Guide Â· 31 reviews Â· 111 photos","î—”","î ¸","2 years ago","","","","","","","","",""
"https://lh3.googleusercontent.com/a-/ALV-UjWD7WxEpSlM7wlU6LGlwN0HezXlobKVRJ2knZh6lOT946E16oWAog=w45-h45-p-rp-mo-br100","Ashok Theeng","52 photos","î—”","î ¸","2 years ago","","","","","","","","",""
"https://lh3.googleusercontent.com/a/ACg8ocIVfP7WFVhBwKjyDB7CPl-qeuuI7BO8Dt3uuE7EGt4x9iDRaQ=w45-h45-p-rp-mo-br100","Swikriti Pradhan","","î—”","î ¸","2 years ago","","","","","","","","",""
"https://lh3.googleusercontent.com/a-/ALV-UjVtZaVfM2Na7zX_C67tPsLBqCaP7sd27vUd8opl0zH09_n0l8xX=w45-h45-p-rp-mo-br100","Rijan Shrestha","9 reviews Â· 2 photos","î—”","î ¸","2 years ago","","","","","","","","",""
"https://lh3.googleusercontent.com/a-/ALV-UjXWTHoH7ePnwqoHtSzJqG3By3LuWwGlhJ8PDD73JEkrs5EKz2Rf=w45-h45-p-rp-mo-br100","kunjan giri","10 reviews Â· 3 photos","î—”","î ¸","2 years ago","","","","","","","","",""
"https://lh3.googleusercontent.com/a-/ALV-UjXjzEjOVEaA0Iw69Yo0OArFUHY5DQJ09xSOiiL3UpXJeBoRxeA-=w45-h45-p-rp-mo-ba4-br100","sanjay bajracharya","Local Guide Â· 12 reviews Â· 42 photos","î—”","î ¸","3 years ago","","","","","","","","",""
"https://lh3.googleusercontent.com/a/ACg8ocIsiw0HLu6AhHUd0aYLJ4dwNB5wDnrKyZAIbPyqjscN3z5Fk2RE=w45-h45-p-rp-mo-ba5-br100","Allegory","Local Guide Â· 80 reviews Â· 860 photos","î—”","î ¸","3 years ago","","","","","","","","",""
"https://lh3.googleusercontent.com/a/ACg8ocK4o8u_UK7j4JbNkYbk6610WrwIb3rtzYAkpE-mJwzVytL7uB15=w45-h45-p-rp-mo-br100","333reyalsbooN OP","1 review","î—”","î ¸","3 years ago","","","","","","","","",""
"https://lh3.googleusercontent.com/a-/ALV-UjU4vBx4SY2LBlUiMaC4VATlVGXJQud8W6-4l48Hr1cUveK5whdm=w45-h45-p-rp-mo-br100","Anjali Ojha","8 reviews Â· 13 photos","î—”","î ¸","3 years ago","","","","","","","","",""
"https://lh3.googleusercontent.com/a/ACg8ocJfLsLs6Wm3m0K1Nv2WCGqlcBkwXlQjhyzwMZ_WG-0z7AJzRw=w45-h45-p-rp-mo-br100","Bishal Chapagain","3 reviews Â· 1 photo","î—”","î ¸","3 years ago","","","","","","","","",""
"https://lh3.googleusercontent.com/a-/ALV-UjWXXt3Stj336NSRax2a9eU-546Npn_xznPYuw8t6LgfrCkCjwEIHQ=w45-h45-p-rp-mo-ba3-br100","Saurav Shrestha","Local Guide Â· 14 reviews Â· 10 photos","î—”","î ¸","3 years ago","","","","","","","","",""
"https://lh3.googleusercontent.com/a/ACg8ocIyBSbPglfkUEqvFLJUXwK3lailHPoQVxd4IfoxBOBANOXUAi8=w45-h45-p-rp-mo-ba4-br100","Sujindra Maharjan","Local Guide Â· 6 reviews","î—”","î ¸","3 years ago","","","","","","","","",""
"https://lh3.googleusercontent.com/a-/ALV-UjWxyHr4kEBdJlq0updNU6TXuSRbjkl5aPeMtRtxVIWRHixqrEX4=w45-h45-p-rp-mo-br100","Rasmita Ghimire","5 reviews","î—”","î ¸","3 years ago","","","","","","","","",""
"https://lh3.googleusercontent.com/a-/ALV-UjWNmy0KP6_kSigA4I-FQ3x5OQWRsolhrwdX-4SmTmzj5BQpkpZEdA=w45-h45-p-rp-mo-br100","Himanshu Devkota","1 review Â· 4 photos","î—”","î ¸","3 years ago","","","","","","","","",""
"https://lh3.googleusercontent.com/a/ACg8ocIaq55aCC8Zy54WlXYR0Bos8HrUxyJvvBLX0NT2gxSk6efGBQ=w45-h45-p-rp-mo-br100","keshar tamang","","î—”","î ¸","3 years ago","","","","","","","","",""
"https://lh3.googleusercontent.com/a-/ALV-UjUBbfsEQjFB4Jf1CZ52Hp_vUR91yWJs3AOdH43mGSOs3GPeDo7J=w45-h45-p-rp-mo-br100","Muna Lama","2 reviews","î—”","î ¸","3 years ago","","","","","","","","",""
"https://lh3.googleusercontent.com/a-/ALV-UjVV1f007mzCJtFlTfbZIVXudJnyABTRdJFwIpUBxaX0aVox1n_E=w45-h45-p-rp-mo-ba4-br100","Rekun Katwal","Local Guide Â· 73 reviews Â· 292 photos","î—”","î ¸","3 years ago","","","","","","","","",""
"https://lh3.googleusercontent.com/a/ACg8ocL1knu6_XH-7_Sn5QVzHJni4KWKFlBA-qNb-DT_nttjOXhWHA=w45-h45-p-rp-mo-br100","bibek Tamang","","î—”","î ¸","3 years ago","","","","","","","","",""
"https://lh3.googleusercontent.com/a-/ALV-UjXJEM4xORjt9BNtcUUmsJI_0E5zgvDalhjM0IHz3_IvB-W2PmY=w45-h45-p-rp-mo-ba3-br100","Bishal Lama","Local Guide Â· 19 reviews Â· 37 photos","î—”","î ¸","3 years ago","","","","","","","","",""
"https://lh3.googleusercontent.com/a-/ALV-UjUw1LMx9i65YQiz1F_OzF7AVMBwrHE72aYvJ9tkAFuSL8ZQbP8O=w45-h45-p-rp-mo-ba4-br100","Sanjay Prajapati","Local Guide Â· 3 reviews Â· 122 photos","î—”","î ¸","3 years ago","","","","","","","","",""
"https://lh3.googleusercontent.com/a-/ALV-UjXDN2Q1y4XocXX0tGKVacMKtihy6s0CEWxKKRSQXbAG9lcS5zw_=w45-h45-p-rp-mo-ba2-br100","Pratishna K C","Local Guide Â· 2 reviews Â· 1 photo","î—”","î ¸","3 years ago","","","","","","","","",""
"https://lh3.googleusercontent.com/a-/ALV-UjVAFKz1px1qfRfWbTjEb0T4rFSDTnWTtKew88pZqyN1sS4-exnc2A=w45-h45-p-rp-mo-ba3-br100","Dr. Surya Kiran Lama","Local Guide Â· 2 reviews Â· 40 photos","î—”","î ¸","3 years ago","","","","","","","","",""
"https://lh3.googleusercontent.com/a-/ALV-UjVlKSDSL2ZnJvaFtJyDucUiNKpkzQJHhdzwirV8TX3hb9Xq1zqc=w45-h45-p-rp-mo-ba3-br100","Sushan Parajuli","Local Guide Â· 25 reviews Â· 1 photo","î—”","î ¸","3 years ago","","","","","","","","",""
"https://lh3.googleusercontent.com/a-/ALV-UjVouBXwq98TJ6CrCBSgILXZtGqixfEN_bypRmEOMzO3DnZLyfYjhw=w45-h45-p-rp-mo-ba2-br100","Shrijan Giri","Local Guide Â· 20 reviews Â· 3 photos","î—”","î ¸","3 years ago","","","","","","","","",""
"https://lh3.googleusercontent.com/a-/ALV-UjV_fy7uPzheHRH_aIDLKjKHkR8ss8c5MSuSl-xuDkukihGY-8QJ=w45-h45-p-rp-mo-br100","Kiran Shrestha","6 photos","î—”","î ¸","3 years ago","","","","","","","","",""
"https://lh3.googleusercontent.com/a-/ALV-UjWywr2ivS3hwNTfi4Rnp9TjVJ7BMnQaJ4-tozIN59THTu58cDll=w45-h45-p-rp-mo-ba3-br100","Rupesh Thapa","Local Guide Â· 10 reviews Â· 43 photos","î—”","î ¸","3 years ago","","","","","","","","",""
"https://lh3.googleusercontent.com/a-/ALV-UjW1pqQzOYXwuDV2xc9WvdTzbrmBjHTQjZP0TdjolkQd7V966PYi=w45-h45-p-rp-mo-ba4-br100","BINAM SHRESTHA","Local Guide Â· 44 reviews Â· 121 photos","î—”","î ¸","3 years ago","","","","","","","","",""
"https://lh3.googleusercontent.com/a/ACg8ocIXj5BahbPsbiAqOnuYSFn-PJrok8ajImWSXi7o8abCfnIyhw=w45-h45-p-rp-mo-ba3-br100","Sumit Bista","Local Guide Â· 8 reviews Â· 18 photos","î—”","î ¸","3 years ago","","","","","","","","",""
"https://lh3.googleusercontent.com/a/ACg8ocLNbL_u7oAN6Oxq-6GGN-bdVqPCgWLnaLIIPqeXimD-D6-F7g=w45-h45-p-rp-mo-ba2-br100","Nishant Pakhrin","Local Guide Â· 5 reviews","î—”","î ¸","3 years ago","","","","","","","","",""
"https://lh3.googleusercontent.com/a-/ALV-UjVlqFNO6YSTLNizZ_2_QnOX_l0tmlCXL6toDV4Xjz40TddZSTQv_Q=w45-h45-p-rp-mo-ba3-br100","Aakriti J","Local Guide Â· 19 reviews Â· 39 photos","î—”","î ¸","3 years ago","","","","","","","","",""
"https://lh3.googleusercontent.com/a/ACg8ocKQEmmw4NalrospSzEQuLu4f4t5x9YpLmrV2Vm-LDE2fAXWQQ=w45-h45-p-rp-mo-br100","manish maharjan","11 reviews","î—”","î ¸","3 years ago","","","","","","","","",""
"https://lh3.googleusercontent.com/a-/ALV-UjU-InWvoHDDnkTiwrOCWzKKAUJYKUq35q_Nc7ea1Ha-jwdi4WH-=w45-h45-p-rp-mo-ba2-br100","Nubhiv Upreti","Local Guide Â· 7 reviews Â· 16 photos","î—”","î ¸","3 years ago","","","","","","","","",""
"https://lh3.googleusercontent.com/a-/ALV-UjWi8NPh1p9nemF5EEbDTUfqE_yP5CZzqSnJSSQ43RCTEH3h7Ou_pw=w45-h45-p-rp-mo-br100","Bisal Tmg","","î—”","î ¸","3 years ago","","","","","","","","",""
"https://lh3.googleusercontent.com/a-/ALV-UjXh4AeJNI_V07yWB1dQZ7nt6Nk1kJMUAj5thkq_1mqlHBanhGT8=w45-h45-p-rp-mo-ba2-br100","Bishal Shrestha","Local Guide Â· 4 reviews Â· 15 photos","î—”","î ¸","3 years ago","","","","","","","","",""
"https://lh3.googleusercontent.com/a-/ALV-UjVSl2SARO0h2NSa9eYKvOuspvACDRxJLm7aabc7E2I3v7qy5NJx9w=w45-h45-p-rp-mo-ba2-br100","Chhiring Bhote","Local Guide Â· 11 reviews Â· 31 photos","î—”","î ¸","3 years ago","","","","","","","","",""
"https://lh3.googleusercontent.com/a/ACg8ocLfABmgrdaKPDFewGsE8RYxyM5iwI6QvFsOgic8-uTK2PHxFgQ=w45-h45-p-rp-mo-br100","Nimble Shrestha","1 photo","î—”","î ¸","3 years ago","","","","","","","","",""
"https://lh3.googleusercontent.com/a-/ALV-UjVrOISc4ibv7vOtHKsuqNuUyxMuC4axxsXC4_xoMG17hJUoa254=w45-h45-p-rp-mo-ba4-br100","subin shrestha","Local Guide Â· 47 reviews Â· 412 photos","î—”","î ¸","3 years ago","","","","","","","","",""
"https://lh3.googleusercontent.com/a-/ALV-UjVKX9xj53mqeNPyQ1EOEDFLWjPie-n1jcryfMo5VSu7rRKMu7t-=w45-h45-p-rp-mo-ba2-br100","Ginish J. Dahal","Local Guide Â· 9 reviews Â· 2 photos","î—”","î ¸","3 years ago","","","","","","","","",""
"https://lh3.googleusercontent.com/a/ACg8ocJlIbonmQTz5YjD2tGvnQYefRfTFS6VDjeC48MZp2zGO7nY=w45-h45-p-rp-mo-ba2-br100","girwan kumar","Local Guide Â· 13 reviews","î—”","î ¸","3 years ago","","","","","","","","",""
"https://lh3.googleusercontent.com/a-/ALV-UjW2tHsn-SjHC66l_loDfqCZlDojSqXrNB_whFGpNEj7-5431vAALw=w45-h45-p-rp-mo-br100","Kipa Bajracharya","2 reviews","î—”","î ¸","3 years ago","","","","","","","","",""
"https://lh3.googleusercontent.com/a-/ALV-UjUHr4rd6DF1_mdAnoFVcbQ8fxgwMWBfXUiZ8534LEXkQhlR5AVWeQ=w45-h45-p-rp-mo-ba6-br100","Aman Gautam (Easy)","Local Guide Â· 217 reviews Â· 2,494 photos","î—”","î ¸","3 years ago","","","","","","","","",""
"https://lh3.googleusercontent.com/a-/ALV-UjWSk2QT95nWn2tIDrdgjiSaBrP9NFZDe_3Q6wnB4l7tv7X3WJl1=w45-h45-p-rp-mo-ba3-br100","Rohit Shakya","Local Guide Â· 10 reviews Â· 10 photos","î—”","î ¸","3 years ago","","","","","","","","",""
"https://lh3.googleusercontent.com/a-/ALV-UjUSLU_C72W_Z5VSrkysYMc1PZbQweLb8yIB9LfljwMlVft2V__ATg=w45-h45-p-rp-mo-br100","Rishav Khetan","7 reviews","î—”","î ¸","4 years ago","","","","","","","","",""
"https://lh3.googleusercontent.com/a/ACg8ocINYcXkqknuSYzkD3wiGZ3jbIZdliwpDXixg_nKbd3kC0_HjA=w45-h45-p-rp-mo-ba2-br100","unyck shakya","Local Guide Â· 5 reviews","î—”","î ¸","4 years ago","","","","","","","","",""
"https://lh3.googleusercontent.com/a-/ALV-UjV_6_uhKQWMSpBD_IMYwI7DucRQ9AGHfUeTuH1Uou2yg-M-mEM=w45-h45-p-rp-mo-ba2-br100","HARRY SHRESTHA","Local Guide Â· 8 reviews Â· 36 photos","î—”","î ¸","4 years ago","","","","","","","","",""
"https://lh3.googleusercontent.com/a-/ALV-UjVBZvZO66fp7jFzOM2qlMxwcO9GpstbOimrNa_mGpX1h6yb5abaFQ=w45-h45-p-rp-mo-ba4-br100","abhishek shakya (Abhishek)","Local Guide Â· 123 reviews Â· 143 photos","î—”","î ¸","4 years ago","","","","","","","","",""
"https://lh3.googleusercontent.com/a-/ALV-UjXnIqt6703WW3eSyBNS5eaJuzQxOJQkfKwmPRZB5Wh_u3qHeCXJVg=w45-h45-p-rp-mo-br100","Rashmi Bhattarai","4 reviews","î—”","î ¸","4 years ago","","","","","","","","",""
"https://lh3.googleusercontent.com/a-/ALV-UjVNu3GHTHHfGDcfkLFhX1CmftR5-2UXiYufWdY_4hqJ-ZswwfFl4Q=w45-h45-p-rp-mo-ba6-br100","Nischal Shrestha","Local Guide Â· 54 reviews Â· 2,876 photos","î—”","î ¸","4 years ago","","","","","","","","",""
"https://lh3.googleusercontent.com/a/ACg8ocJyvD-Resv3K8CXZX49bMM9MJ_dYTiPqlAZ4UiNn3w7bbTZpw=w45-h45-p-rp-mo-br100","madan lama","1 review Â· 2 photos","î—”","î ¸","4 years ago","","","","","","","","",""
"https://lh3.googleusercontent.com/a/ACg8ocIxs18bb5fZwSnRPBKpr9sxusNKBYMTe47G1axfUeqm4T8_Tw=w45-h45-p-rp-mo-br100","Smriti Shrestha","4 reviews","î—”","î ¸","4 years ago","","","","","","","","",""
"https://lh3.googleusercontent.com/a-/ALV-UjWdXa3OgXmdtvHeEQR-mmInvka1OoKDgIy72b9eLIxpdiFVCN0nRg=w45-h45-p-rp-mo-ba4-br100","Divya Maharjan","Local Guide Â· 17 reviews Â· 467 photos","î—”","î ¸","4 years ago","","","","","","","","",""
"https://lh3.googleusercontent.com/a/ACg8ocK1k-GgOr1QwmTH6ucf2b3x99U6lVzq3si8qwr_TXxGzvIt6A=w45-h45-p-rp-mo-ba2-br100","Qwerty Uiop","Local Guide Â· 1 review Â· 69 photos","î—”","î ¸","4 years ago","","","","","","","","",""
"https://lh3.googleusercontent.com/a-/ALV-UjVPD9oJawA3VMMn9QnrywhbqMuToOtD4WSbjUcyaJlRyBunV-wN=w45-h45-p-rp-mo-br100","Shruti Rajbhandari","","î—”","î ¸","4 years ago","","","","","","","","",""
"https://lh3.googleusercontent.com/a-/ALV-UjVDYxHCNl-VfIf5rlb1bTkCqfoumbN31CIjjz4gRm1X7jFp3tbz=w45-h45-p-rp-mo-br100","Amulya Bhandari","1 review Â· 22 photos","î—”","î ¸","4 years ago","","","","","","","","",""
"https://lh3.googleusercontent.com/a-/ALV-UjXCv-EPzrQyN6mnMHqqEPmnMHd9FWq9L3LszkLMe4z9w0IRnEQAsA=w45-h45-p-rp-mo-ba6-br100","SuShi1 Ma11a","Local Guide Â· 76 reviews Â· 2,534 photos","î—”","î ¸","4 years ago","","","","","","","","",""
"https://lh3.googleusercontent.com/a-/ALV-UjVGjWRHWJTMqaVX1Md5ShzmmzlFTF4ZNxDUA2afsxcIJay959Whrw=w45-h45-p-rp-mo-br100","Ishan KC","2 reviews","î—”","î ¸","4 years ago","","","","","","","","",""
"https://lh3.googleusercontent.com/a-/ALV-UjX2HWSiAt3WFYNxlP79yaPqJZE7S7r5IgMSQE1wKpgfBDuPs6o6RA=w45-h45-p-rp-mo-br100","Aayush Kapri","2 reviews","î—”","î ¸","4 years ago","","","","","","","","",""
"https://lh3.googleusercontent.com/a/ACg8ocIk_Lrd4VjE9Qrk1OG-GU9aT5SAxnkmGjhIQqo8bSxqvSYGKkc=w45-h45-p-rp-mo-ba3-br100","Pranit Sunuwar","Local Guide Â· 27 reviews Â· 6 photos","î—”","î ¸","4 years ago","","","","","","","","",""
"https://lh3.googleusercontent.com/a-/ALV-UjXOE3-blYpLFK_a18ECcKO1pkFta4Ly4MV8sGCXl9jxTUPWUHr0=w45-h45-p-rp-mo-br100","Saga Gopali","","î—”","î ¸","4 years ago","","","","","","","","",""
"https://lh3.googleusercontent.com/a-/ALV-UjXEK2V8KWdRjWuc2vie-Ya99p63hcoEDu7PrZHKNgyCGhSpQ3RL=w45-h45-p-rp-mo-ba3-br100","Kale Jagit","Local Guide Â· 19 reviews Â· 7 photos","î—”","î ¸","4 years ago","","","","","","","","",""
"https://lh3.googleusercontent.com/a-/ALV-UjUAej_zCLqAAZ8mnhZYMMCpaBg5HDLEXFk7qvaaXC4XMxKdd2vN=w45-h45-p-rp-mo-ba4-br100","haribol thapa","Local Guide Â· 43 reviews Â· 157 photos","î—”","î ¸","4 years ago","","","","","","","","",""
"https://lh3.googleusercontent.com/a-/ALV-UjVfhT0-RHK2K61hOQBCZsGdIoPF8zcAIXo-cgaFipzvTdM4LmB-=w45-h45-p-rp-mo-ba2-br100","anuska sthapit","Local Guide Â· 3 reviews Â· 14 photos","î—”","î ¸","4 years ago","","","","","","","","",""
"https://lh3.googleusercontent.com/a/ACg8ocIvcE10deCPDr6w18IS5-SXG2fFZJXCXkAJsVgQVvSc-CWW0A=w45-h45-p-rp-mo-br100","Sandesh Tamang","1 photo","î—”","î ¸","4 years ago","","","","","","","","",""
"https://lh3.googleusercontent.com/a-/ALV-UjU5dzNS6xZldbb_ft06aTEMduRAWSJ4bU4QkXFE7ODWTdGcOLEQww=w45-h45-p-rp-mo-br100","Sadikshya Sharma","2 reviews","î—”","î ¸","4 years ago","","","","","","","","",""
"https://lh3.googleusercontent.com/a-/ALV-UjW7my6tpgtgTyZmHOvK0G-uVXdU2ZltcDwikxARgG8ssur5-wv6xA=w45-h45-p-rp-mo-ba4-br100","Suraj Pokhrel","Local Guide Â· 3 reviews Â· 380 photos","î—”","î ¸","4 years ago","","","","","","","","",""
"https://lh3.googleusercontent.com/a-/ALV-UjXzMibyfdgNT7M7yizybgAe_hLTFmlyAb7FdMmMM8CZJFDiN5U=w45-h45-p-rp-mo-ba3-br100","Thakur sharma","Local Guide Â· 2 reviews Â· 42 photos","î—”","î ¸","4 years ago","","","","","","","","",""
"https://lh3.googleusercontent.com/a-/ALV-UjXtyuYMtTVxCCW3xkgjM8SllM_ecxPo9eSVWIm9y-zZiQm6kmxj=w45-h45-p-rp-mo-ba3-br100","suraj risal","Local Guide Â· 32 reviews Â· 2 photos","î—”","î ¸","4 years ago","","","","","","","","",""
"https://lh3.googleusercontent.com/a-/ALV-UjU5_hWU8jm0V6zbKtdgF0g-zC9uD0Q-_trmmfE8tIMzRVBdItM=w45-h45-p-rp-mo-br100","Prerak Bhattarai","1 review","î—”","î ¸","4 years ago","","","","","","","","",""
"https://lh3.googleusercontent.com/a-/ALV-UjWnlilinzronL5cLfhuKygnEBOW34J9c-gVq8fs-o7Bjt1hbHVrKw=w45-h45-p-rp-mo-br100","Anish Bhurtyal","2 reviews","î—”","î ¸","4 years ago","","","","","","","","",""
"https://lh3.googleusercontent.com/a-/ALV-UjUPwUf6KCEdUl-LDLJMU6WrdKHYEzgkhY8XfCyQlmd3AWw04ph0=w45-h45-p-rp-mo-br100","Sambhranta Bashyal","2 reviews Â· 13 photos","î—”","î ¸","5 years ago","","","","","","","","",""
"https://lh3.googleusercontent.com/a-/ALV-UjWxj3b_mwr7VWAt8Xfu0g93Jkk7mgX0ycEi2eAUQGLm5VVJ_RqeZw=w45-h45-p-rp-mo-ba3-br100","Santosh Budhathoki","Local Guide Â· 5 reviews Â· 129 photos","î—”","î ¸","5 years ago","","","","","","","","",""
"https://lh3.googleusercontent.com/a-/ALV-UjXmCoYr6FzpiGttkTPZmhzmIkDvUC36QhGZiOiP7l0noU7psyLw6w=w45-h45-p-rp-mo-ba4-br100","Chahana Bajracharya","Local Guide Â· 78 reviews Â· 151 photos","î—”","î ¸","5 years ago","","","","","","","","",""
"https://lh3.googleusercontent.com/a-/ALV-UjUPsipHMOu4xTHKJKYklWBC6Vs1XqFkrFsNdXsGTfVHaaH-nmXK=w45-h45-p-rp-mo-ba5-br100","Surjeeta Dhoubhadel","Local Guide Â· 103 reviews Â· 372 photos","î—”","î ¸","5 years ago","","","","","","","","",""
"https://lh3.googleusercontent.com/a-/ALV-UjUz1fQo2xy6ybGz90BfddcbTsXidnSpM5PJbmxo-koc6d9Gp64Axg=w45-h45-p-rp-mo-br100","Priyanka Mahat","1 review","î—”","î ¸","5 years ago","","","","","","","","",""
"https://lh3.googleusercontent.com/a-/ALV-UjWrdQ3rLoJJ3rvjNU_USRdQ3QGglh9ak4OVuQGzQII_x1yMkwKJAw=w45-h45-p-rp-mo-br100","Bibhas Uprety","2 reviews","î—”","î ¸","5 years ago","","","","","","","","",""
"https://lh3.googleusercontent.com/a-/ALV-UjXpny-X9AjTg8Ux5TK9bPApx5Jj4somEaWkOcCdzO4_C6qbKIlKJw=w45-h45-p-rp-mo-br100","Samosh Ghimire","1 review","î—”","î ¸","5 years ago","","","","","","","","",""
"https://lh3.googleusercontent.com/a/ACg8ocIJ4gYykXWA0eCLdI1Nz-0btHw7aY1bnbWqecbT1C0CM2ReVw=w45-h45-p-rp-mo-br100","Prajwal Ghale","1 review","î—”","î ¸","5 years ago","","","","","","","","",""
"https://lh3.googleusercontent.com/a-/ALV-UjVtf_cHGh4xCOpGC_rh90v7Wz0zHFJYvSnNhCjQq4qzWCjQJyM0dQ=w45-h45-p-rp-mo-br100","Nikita Tiwari","1 review","î—”","î ¸","6 years ago","","","","","","","","",""
"https://lh3.googleusercontent.com/a-/ALV-UjXJ8_Ot1gF6z4PWeh_HdYCkAzLhJ-4HpDb_gA4FpxvDyXPY0Nc=w45-h45-p-rp-mo-ba3-br100","Nikin Bajracharya","Local Guide Â· 2 reviews Â· 18 photos","î—”","î ¸","6 years ago","","","","","","","","",""
"https://lh3.googleusercontent.com/a-/ALV-UjWxZUYk3eq-3NXYGmo7fkHF1prNYwE6VUL6IKWB3uSNVwVV4Q8-Fg=w45-h45-p-rp-mo-ba2-br100","Anisha Shakya","Local Guide Â· 1 review Â· 4 photos","î—”","î ¸","6 years ago","","","","","","","","",""
"https://lh3.googleusercontent.com/a-/ALV-UjXMYajQGFo2v2iKlog4mA9y3J_KpP20aojodpFbOfGWbw7Z68cw0A=w45-h45-p-rp-mo-br100","Sushan Bhattarai","","î—”","î ¸","6 years ago","","","","","","","","",""
"https://lh3.googleusercontent.com/a/ACg8ocL7KrouyTag6YZ12n1XVi5OQEAB93gmtzomop8nDR6o6JC0V5l4=w45-h45-p-rp-mo-br100","Adarsha Nepal","1 review","î—”","î ¸","6 years ago","","","","","","","","",""
"https://lh3.googleusercontent.com/a-/ALV-UjVmiNuvguEq1txJzrMlPEuSUgcmDYx6ouLCUPkc2SquaEt3GUDrPQ=w45-h45-p-rp-mo-ba3-br100","SujÃ¤Å„ ShÃ¤hÃ­","Local Guide Â· 35 photos","î—”","î ¸","6 years ago","","","","","","","","",""